Restaurant Id,Restaurant Name,Country,City,User Rating Votes,User Aggregate Rating,Cuisines
18649486,The Drunken Botanist,Gurgaon,Gurgaon,4765,4.4,"Continental, Italian, North Indian, Chinese"
308322,Hauz Khas Social,New Delhi,New Delhi,13627,4.6,"Continental, American, Asian, North Indian, Chinese, Pizza, Biryani, Beverages"
18856789,AIR- An Ivory Region,New Delhi,New Delhi,1819,4.1,"North Indian, Chinese, Continental, Asian"
307374,AMA Cafe,New Delhi,New Delhi,3252,4.4,"Cafe, Juices"
18238278,Tamasha,New Delhi,New Delhi,8112,4.4,"Finger Food, North Indian, Continental, Italian"
18268712,Chili's Grill & Bar,Noida,Noida,3702,4.6,"Mexican, American, Italian, Burger"
18198449,Punjabi Angithi,New Delhi,New Delhi,3613,4.7,"North Indian, Chinese, Momos, Rolls, Fast Food"
18382360,Local,New Delhi,New Delhi,5694,4.3,"North Indian, Continental, Momos"
18273624,Cafeteria & Co.,New Delhi,New Delhi,4229,4.5,"Continental, Mexican, Fast Food"
18466951,Jungle Jamboree,Noida,Noida,2832,4.5,"North Indian, Continental, Chinese, BBQ"
306046,SodaBottleOpenerWala,Gurgaon,Gurgaon,3818,4.2,"Parsi, North Indian, Maharashtrian, Beverages, Bakery"
18337893,The Luggage Room Kitchen And Bar,New Delhi,New Delhi,1622,4.5,"Italian, Chinese, Continental"
18518483,Echoes Hudson Lane,New Delhi,New Delhi,2534,4.6,"Cafe, American, Chinese, Continental, North Indian, Italian"
18246991,Odeon Social,New Delhi,New Delhi,5808,4.4,"Continental, American, Asian, North Indian, Momos, Beverages"
8913,Pirates of Grill,Gurgaon,Gurgaon,5760,4.9,"North Indian, Mughlai, Continental"
313256,The Junkyard Cafe,New Delhi,New Delhi,5512,4.5,"North Indian, Mediterranean, Asian, Salad, Momos"
18562836,Diggin,New Delhi,New Delhi,2335,4.2,"Italian, Continental, Beverages"
17953943,The Burger Club,New Delhi,New Delhi,2411,4.2,"Burger, Fast Food, Beverages"
18258498,Chinese Kitchen,New Delhi,New Delhi,713,4.1,"Fast Food, Chinese, Momos"
18537536,Chili's Grill & Bar,New Delhi,New Delhi,2364,4.6,"Mexican, American, Italian"
18707652,Zam Zam,Kolkata,Kolkata,824,4.4,"Biryani, Mughlai"
18571735,Dum Laga Ke Haishaa,Kolkata,Kolkata,770,4.5,"Continental, Biryani, North Indian, Chinese, Kebab"
18398880,JW Kitchen - JW Marriott Hotel Kolkata,Kolkata,Kolkata,3578,4.6,"North Indian, European, Mediterranean, Thai, Salad, Juices"
18677746,Burger in Law,Kolkata,Kolkata,455,4.7,"Burger, Fast Food"
17983797,Dada Boudi Restaurant,Kolkata,Kolkata,1993,4.3,"Mughlai, North Indian, Chinese"
18538536,Scrapyard,Kolkata,Kolkata,1260,4.2,"North Indian, Chinese, Continental"
25570,Barbeque Nation,Kolkata,Kolkata,4597,4.8,"North Indian, Chinese, Kebab, BBQ"
18354569,Tram Deepo,Kolkata,Kolkata,1895,4.4,"Continental, Chinese, Fast Food, Finger Food, North Indian, Mexican"
18259462,Ocean Grill,Kolkata,Kolkata,2318,4.3,"Continental, Seafood, North Indian, Asian"
18761167,Echoes Kolkata,Kolkata,Kolkata,456,4.8,"North Indian, Continental, Chinese, Italian, American"
18751849,Five Mad Men,Kolkata,Kolkata,1465,4.3,"American, Chinese, Continental, North Indian"
20747,India Restaurant,Kolkata,Kolkata,3909,4.5,"Biryani, Mughlai"
18461760,Kankurgachi Dhaba,Kolkata,Kolkata,700,3.9,"North Indian, Biryani, Chinese"
20404,Peter Cat,Kolkata,Kolkata,11476,4.2,"Continental, North Indian"
18017615,What's Up,Kolkata,Kolkata,4162,4.4,"Chinese, Continental, Italian, Kebab"
18265479,BJs Sports Restrau Cum Lounge,Kolkata,Kolkata,1405,4.7,"Cafe, North Indian"
18377098,CALCUTTA 64,Kolkata,Kolkata,2134,4.4,"Italian, Continental, Mexican"
18377112,Nawwarah Fine Dine & Lounge,Kolkata,Kolkata,1993,4.3,"North Indian, Chinese"
18610904,The Fatty Bao,Kolkata,Kolkata,884,4.6,"Japanese, Sushi, Asian"
18711365,The Saffron Tree,Kolkata,Kolkata,1274,4.8,"Mughlai, Continental, Biryani"
18392725,Tamasha,Mumbai,Mumbai,4553,4.6,"Finger Food, Continental"
18701052,The Fusion Kitchen,Mumbai,Mumbai,2723,4.7,"Chinese, Continental, European, North Indian, Italian, Mexican, Pizza"
18548172,Hitchki,Mumbai,Mumbai,3418,4.8,"Modern Indian, North Indian, Chinese, Momos, Biryani, Continental, American, Fast Food"
18591040,Hitchki,Mumbai,Mumbai,3524,4.9,"Modern Indian, North Indian, Chinese, Momos, Biryani, Continental, American, Fast Food"
19008239,HAS South Bombay,Mumbai,Mumbai,475,4.2,South Indian
18392711,Lord Of The Drinks,Mumbai,Mumbai,2604,4.6,"Finger Food, Continental, European, Chinese, North Indian, Italian"
18616378,Lord of the Drinks,Mumbai,Mumbai,2362,4.8,"Finger Food, Continental, European, Chinese, North Indian, Italian"
18669432,HITCHKI,Thane,Thane,1899,4.8,"Modern Indian, North Indian, Chinese, Momos, American, Biryani, Continental, Fast Food"
18566818,JLWA,Mumbai,Mumbai,3101,4.7,"Modern Indian, European, Pizza"
48851,Rude Lounge,Mumbai,Mumbai,5003,4.4,"North Indian, Italian, Chinese, Continental, BBQ"
18205932,The Cult - Peninsula Grand Hotel,Mumbai,Mumbai,3142,4.5,"Continental, North Indian, Chinese"
18732598,Timess Square,Mumbai,Mumbai,2113,4.4,"Continental, Mexican, North Indian"
18580259,Coffee Culture,Mumbai,Mumbai,6023,4.2,"Cafe, Italian, Pizza, Continental, Beverages"
34757,Joey's Pizza,Mumbai,Mumbai,7344,4.6,Pizza
18522518,Vikhroli Social,Mumbai,Mumbai,1934,4.3,"American, North Indian, Chinese, Asian, Beverages, Continental, Biryani"
18917650,Warehouse Kitchenbar,Mumbai,Mumbai,666,4.5,"North Indian, Asian, Burmese, Chinese, Continental, Desserts"
35217,Joey's Pizza,Mumbai,Mumbai,8669,4.5,Pizza
18397684,Craftbar,Mumbai,Mumbai,1347,4.8,"Continental, Mediterranean, Modern Indian, Mexican"
36403,Prithvi Cafe,Mumbai,Mumbai,7995,4.4,"Cafe, Fast Food"
18691230,Grandmama's Café,Mumbai,Mumbai,1108,4.3,"Cafe, American, Italian, Parsi, Desserts"
58882,Byg Brewski Brewing Company,Bangalore,Bangalore,17394,4.9,"Continental, North Indian, Italian, South Indian, Finger Food"
18706428,Byg Brewski Brewing Company,Bangalore,Bangalore,5692,4.8,"Finger Food, Asian, Pizza, Italian, North Indian, Desserts"
18871246,ShakesBierre,Bangalore,Bangalore,572,4.5,"Asian, Continental, European, North Indian"
18772094,Bombay Adda,Bangalore,Bangalore,3023,4.3,Modern Indian
18578798,TBC Sky Lounge,Bangalore,Bangalore,7673,4.7,"Continental, Asian, Italian, North Indian"
18945224,Secret Of Bangalore,Bangalore,Bangalore,866,4.3,"North Indian, South Indian, Continental, Asian, Desserts"
18254597,Brew and Barbeque - A Microbrewery Pub,Bangalore,Bangalore,6330,4.6,"Continental, North Indian, BBQ, Steak"
18387426,The Black Pearl,Bangalore,Bangalore,7769,4.7,"North Indian, European, Mediterranean, BBQ"
57833,Big Pitcher,Bangalore,Bangalore,9664,4.6,"American, Continental, North Indian, Mediterranean"
54162,The Black Pearl,Bangalore,Bangalore,10892,4.8,"North Indian, European, Mediterranean"
18853706,Brahma Brews,Bangalore,Bangalore,610,4.3,"Continental, South Indian, Finger Food, Pizza, Seafood"
18625420,Burma Burma,Bangalore,Bangalore,1788,4.7,"Asian, Burmese"
18595782,The Pallet,Bangalore,Bangalore,3013,4.6,"Continental, Mediterranean, Italian, North Indian, Finger Food, Asian, Momos"
18537585,The Reservoire,Bangalore,Bangalore,2724,4.6,"Continental, North Indian, Chinese, American"
56618,AB's - Absolute Barbecues,Bangalore,Bangalore,12443,4.9,"European, Mediterranean, North Indian, BBQ"
51040,Truffles,Bangalore,Bangalore,14984,4.7,"Cafe, American, Burger, Steak"
18874059,The Pump House,Bangalore,Bangalore,1057,4.3,"Continental, Finger Food"
18709627,Simon Says Brew Works,Bangalore,Bangalore,2362,4.6,"Continental, American, Italian, Modern Indian, Pizza, Burger"
18727906,XOOX Brewmill,Bangalore,Bangalore,1782,4.5,"Modern Indian, European, Asian"
18642512,Stories,Bangalore,Bangalore,2636,4.6,"Continental, North Indian, Chinese"
18893197,FC Road Social,Pune,Pune,606,4.0,"Continental, American, Asian, North Indian, South Indian, European, Chinese, Fast Food"
18880433,BeHive,Pune,Pune,347,4.3,"North Indian, Chinese, Continental"
18715982,Flechazo,Pune,Pune,2927,4.7,"Asian, Mediterranean, North Indian"
18562250,Cafe Co2 Resto Lounge,Pune,Pune,1406,4.2,"North Indian, Chinese, Continental, Kebab, Seafood"
6508166,Flying Duck Co.,Pune,Pune,1266,4.5,"Asian, European"
18586395,Onesta,Pune,Pune,2770,4.8,"Pizza, Italian, Fast Food, Beverages, Desserts"
18732937,Darshan,Pune,Pune,1657,4.6,"Italian, Continental, Chinese, Mexican, Fast Food, Street Food, Desserts"
18784250,Universal Barbeque,Pune,Pune,1686,4.5,"BBQ, Chinese, North Indian, Beverages"
18740139,Grandmama's Cafe,Pune,Pune,1286,4.1,"Continental, Beverages, Desserts, Fast Food"
18545152,AB's - Absolute Barbecues,Pune,Pune,5225,4.8,"Continental, North Indian, Chinese"
18417624,The Sassy Spoon,Pune,Pune,1627,4.6,"European, Asian, Italian, Finger Food, Salad, Fast Food"
18383095,Teddy Boy,Pune,Pune,4547,4.2,"North Indian, Continental"
18621437,The FML Lounge,Pune,Pune,2059,4.1,"North Indian, Chinese, Continental, Finger Food"
18890430,The Barkhana,Pune,Pune,330,4.4,"North Indian, Continental"
18617201,Onesta,Pune,Pune,2168,4.7,"Pizza, Italian, Fast Food, Beverages, Desserts"
18650304,Tatva,Pune,Pune,2340,4.4,"North Indian, Chinese, Continental"
18657534,Viman Nagar Social,Pune,Pune,2352,4.5,"Continental, American, Asian, North Indian, South Indian, Chinese, European, Fast Food"
18536004,Culture - पुणे,Pune,Pune,2912,4.2,"Continental, North Indian, Italian, Mediterranean, European, Finger Food, Desserts"
6508323,The Urban Foundry,Pune,Pune,3369,4.6,"Asian, Indian"
18678581,Hippie@Heart,Pune,Pune,631,4.5,"Continental, Italian, North Indian, Finger Food, European"
90896,Bawarchi,Hyderabad,Hyderabad,41333,4.5,"Biryani, Hyderabadi, North Indian, Seafood"
18550292,Flechazo,Hyderabad,Hyderabad,7577,4.7,"Asian, Mediterranean, North Indian, Momos"
18312984,Sahib’s Barbeque by Ohri’s,Hyderabad,Hyderabad,5346,4.7,"Hyderabadi, Awadhi, BBQ"
18538735,Over The Moon Brew Company,Hyderabad,Hyderabad,2055,4.7,"Asian, Continental, North Indian, Chinese, Mediterranean"
18470497,84 Anjuna Shack,Hyderabad,Hyderabad,1779,4.1,"Cafe, Italian, French, Goan, Continental"
18207447,Shah Ghouse Hotel & Restaurant,Hyderabad,Hyderabad,11836,4.2,"Biryani, North Indian, Chinese"
18544039,The Roastery Coffee House,Hyderabad,Hyderabad,3258,4.8,"American, Cafe, Continental"
90499,Coffee Cup,Secunderabad,Secunderabad,3766,4.6,"Cafe, Continental, Salad"
18582430,Lucky Restaurant,Hyderabad,Hyderabad,10298,4.2,"Biryani, North Indian, Chinese"
18514668,Captain Cook,Hyderabad,Hyderabad,9076,3.9,"Biryani, North Indian, Chinese"
18715296,Bakasura Restaurant,Secunderabad,Secunderabad,651,4.0,"Andhra, South Indian, Chinese"
18673497,Onesta,Hyderabad,Hyderabad,2143,4.4,"Pizza, Italian, Fast Food, Beverages, Desserts"
95831,Green Bawarchi,Hyderabad,Hyderabad,6293,3.7,"North Indian, Chinese, Biryani"
18138652,Paradise,Hyderabad,Hyderabad,5781,4.5,"Biryani, North Indian, Chinese"
90903,Shah Ghouse Cafe & Restaurant,Hyderabad,Hyderabad,7309,4.3,"Biryani, North Indian, Chinese"
18807262,Broadway,Hyderabad,Hyderabad,827,4.6,"Continental, North Indian, Chinese"
18774025,eat.fit,Hyderabad,Hyderabad,621,4.4,"Healthy Food, North Indian, Continental, South Indian"
18965675,Chubby Cho,Hyderabad,Hyderabad,156,4.4,"Chinese, Asian, Sushi, Japanese"
18607685,Farzi Cafe,Hyderabad,Hyderabad,2046,4.7,Modern Indian
94402,4M Biryani House,Hyderabad,Hyderabad,4250,4.3,"Biryani, North Indian"
18938720,Coal Barbecues,Chennai,Chennai,1517,4.9,"North Indian, Mediterranean, Asian, Arabian, BBQ"
18800810,The Black Pearl,Chennai,Chennai,1435,4.6,"North Indian, European, Mediterranean, Continental, BBQ"
18595414,Coal Barbecues,Chennai,Chennai,5776,4.9,"North Indian, Mediterranean, Asian, Arabian, BBQ"
18513783,Onesta,Chennai,Chennai,4578,4.7,"Pizza, Italian, Fast Food, Beverages, Desserts"
70856,AB's - Absolute Barbecues,Chennai,Chennai,9774,4.9,"BBQ, North Indian, European, Mediterranean"
18423043,Dhaba Estd 1986 Delhi,Chennai,Chennai,1283,4.6,"North Indian, Desserts, Beverages"
67407,Copper Kitchen,Chennai,Chennai,3925,4.6,"Seafood, North Indian, Chinese, Mughlai, Biryani"
73279,Paradise,Chennai,Chennai,4642,4.4,"Biryani, North Indian, Chinese"
71443,Palmshore,Chennai,Chennai,3198,4.5,"Seafood, Biryani, Kebab, North Indian, Chinese, Arabian, BBQ, Juices"
18588039,Fromage,Chennai,Chennai,827,4.5,"Cafe, Italian, French, European"
72497,Palmshore,Chennai,Chennai,2742,4.6,"Seafood, Biryani, Kebab, North Indian, Chinese, Arabian, BBQ, Juices"
70496,Sukkubhai Biriyani,Chennai,Chennai,2113,4.4,Biryani
18665421,Blind Ch3mistry,Chennai,Chennai,1365,4.5,"Cafe, Fast Food, Beverages"
18666824,AB's - Absolute Barbecues,Chennai,Chennai,2208,4.9,"BBQ, North Indian, European, Mediterranean"
71405,Barbeque Nation,Chennai,Chennai,2132,4.8,"North Indian, Continental, Kebab, BBQ"
18555163,Amelie's,Chennai,Chennai,1217,4.4,"Cafe, Continental, Italian"
71799,Cleo's Grill & Cafe,Chennai,Chennai,2413,4.5,"Chinese, Continental, Steak, North Indian"
18437170,Nasi And Mee,Chennai,Chennai,1336,4.6,"Singaporean, Malaysian, Chinese, Asian, Thai, Momos"
18619095,Palmshore,Chennai,Chennai,1528,4.5,"Seafood, Biryani, Kebab, North Indian, Chinese, Arabian, BBQ, Juices"
18540650,Guntur Gongura,Chennai,Chennai,2086,3.7,"North Indian, Chinese, South Indian, Biryani"
800894,Mubeen's,Lucknow,Lucknow,1352,4.4,Mughlai
800468,Tunday Kababi,Lucknow,Lucknow,3753,4.8,"Mughlai, Lucknowi"
18801082,Farzi Café,Lucknow,Lucknow,298,4.6,Modern Indian
18970077,The Hazelnut Factory,Lucknow,Lucknow,203,4.4,"Bakery, Desserts, Cafe"
801170,Spice Caves,Lucknow,Lucknow,2401,4.6,"North Indian, Chinese, Mughlai"
18560184,The Terrace ,Lucknow,Lucknow,568,4.4,"North Indian, Continental"
18971277,Cafe Repertwahr,Lucknow,Lucknow,131,4.1,"North Indian, Chinese, Continental, Italian, Seafood, Salad"
800179,Mahalaxmi Sweets,Lucknow,Lucknow,1062,4.3,"Mithai, North Indian, Chinese"
18980427,Bombay Remix,Lucknow,Lucknow,113,4.0,"North Indian, Chinese, Continental, Desserts"
800089,Barbeque Nation,Lucknow,Lucknow,2194,4.9,North Indian
800152,Idrish Hotel,Lucknow,Lucknow,2180,4.4,Mughlai
801960,Dosa Planet,Lucknow,Lucknow,875,4.3,"South Indian, North Indian"
18701292,Pirates of Grill,Lucknow,Lucknow,1746,4.9,"North Indian, Mughlai, Continental"
800483,Dastarkhwan,Lucknow,Lucknow,2127,4.7,Mughlai
801146,Madhurima Veg,Lucknow,Lucknow,627,4.3,"Chinese, Sandwich, Fast Food, North Indian, Italian, Desserts, South Indian"
18387297,The Manish Eating Point,Lucknow,Lucknow,835,4.0,"North Indian, Awadhi, Biryani"
800432,Rattilal's,Lucknow,Lucknow,630,4.0,"Mithai, Street Food, Juices"
800896,Sardar Ji Ke Mashoor Chhole Bhature - Punjabi Zaika,Lucknow,Lucknow,692,4.1,Street Food
800630,Royal Cafe,Lucknow,Lucknow,990,4.3,"North Indian, Chinese, Mughlai, Fast Food"
18439027,Skyhilton,Lucknow,Lucknow,750,4.1,"North Indian, Chinese, Continental"
95361,Ifthar,Kochi,Kochi,770,4.1,Kerala
901159,Westleys Restocafe (Formerly Burgeria),Kochi,Kochi,262,4.1,"Fast Food, Ice Cream"
95256,Kashi Art Cafe,Kochi,Kochi,1256,4.5,"European, Cafe"
18398435,Bikash Babu Sweets,Kochi,Kochi,231,4.5,"Mithai, Fast Food"
903046,Nasi And Mee,Kochi,Kochi,235,4.8,"Malaysian, Thai, Singaporean, Asian, Chinese"
902109,Sheba Kuzhimandhi,Kochi,Kochi,516,4.2,Arabian
900533,Paragon,Kochi,Kochi,1475,4.5,"Kerala, South Indian, Continental, North Indian, Seafood, Chinese"
95421,Dhe Puttu,Kochi,Kochi,1162,4.3,Kerala
900668,KFC,Kochi,Kochi,507,3.7,"Burger, Fast Food"
900524,Cafe 17,Kochi,Kochi,900,4.6,"Cafe, Continental, Italian"
901622,The Grill Lab,Kochi,Kochi,639,4.2,"Cafe, Continental, Pizza, Burger, Fast Food"
901665,Double Roti,Kochi,Kochi,344,4.2,"Cafe, American, Burger, Fast Food"
95488,Cafe d' arabia,Kochi,Kochi,541,4.1,"Arabian, Lebanese"
18153238,Hotel Harsh Dhaba,Kochi,Kochi,622,4.1,"North Indian, South Indian, Fast Food"
900300,Real Arabia,Kochi,Kochi,380,4.0,"Arabian, Chinese, North Indian"
901830,Mocha Art Cafe,Kochi,Kochi,602,4.7,"Cafe, Continental, European, Italian, Seafood"
900561,Tonico Cafe,Kochi,Kochi,935,4.3,Cafe
900551,Aavi,Kochi,Kochi,213,3.8,Kerala
18153935,Galito's,Kochi,Kochi,470,4.2,"African, Burger, Desserts, Beverages, Fast Food, Salad"
95333,Chiyang,Kochi,Kochi,622,4.0,"Chinese, Continental"
100242,Shree Agarwal Caterers,Jaipur,Jaipur,1402,4.3,"Bakery, Cafe, Sandwich, Fast Food, Mithai, Mishti, Desserts"
18748726,The Night Jar,Jaipur,Jaipur,851,4.7,"North Indian, Continental, Chinese"
18641794,Shankar Samosa,Jaipur,Jaipur,727,4.3,Street Food
18903417,Chool,Jaipur,Jaipur,383,4.9,"Cafe, North Indian, South Indian, Fast Food"
18625823,Gulabi Nagari,Jaipur,Jaipur,1227,4.3,"North Indian, Chinese"
100756,Agarwal Sweets & Caterers,Jaipur,Jaipur,1216,4.2,"Mithai, North Indian, South Indian, Street Food, Chinese"
102439,Muhammadi Palace,Jaipur,Jaipur,2457,3.9,"North Indian, Mughlai"
100149,Kanha,Jaipur,Jaipur,1475,4.0,"North Indian, Street Food"
102695,Thali and More,Jaipur,Jaipur,1820,4.3,"North Indian, South Indian, Italian, Chinese"
100910,Rawat Mishthan Bhandar,Jaipur,Jaipur,2184,4.1,"Mithai, North Indian, South Indian, Chinese"
18733012,Fat Lulu's,Jaipur,Jaipur,669,4.3,"Continental, Pizza, Burger, American"
100611,M.M. Khan Hotel,Jaipur,Jaipur,1774,4.0,North Indian
18868487,Vegetrainian,Jaipur,Jaipur,366,4.5,"North Indian, Italian, Chinese"
18602340,Stepout Cafe,Jaipur,Jaipur,810,4.3,"Cafe, Italian, Lebanese, Mexican"
101736,Kanha,Jaipur,Jaipur,1266,4.1,"North Indian, Street Food"
100148,Kanha,Jaipur,Jaipur,1449,4.0,"North Indian, Street Food"
101212,Tapri Central,Jaipur,Jaipur,2862,4.9,"Cafe, Fast Food"
101777,Kanha,Jaipur,Jaipur,748,4.1,"North Indian, Street Food"
18467090,Manuhaar,Jaipur,Jaipur,837,4.0,"Mithai, Bakery, Fast Food"
18578663,Masala Ministry,Jaipur,Jaipur,945,4.5,"North Indian, Chinese, Fast Food"
18766005,The Esplendido Cafe,Ahmedabad,Ahmedabad,1001,4.4,"Cafe, American, Italian, Chinese, Beverages"
18882467,Makeba - The Lounge Cafe,Ahmedabad,Ahmedabad,368,4.2,"Cafe, Italian, Mexican, Healthy Food"
110208,Honest,Ahmedabad,Ahmedabad,823,3.9,"North Indian, South Indian, Fast Food, Chinese"
18385186,The Cafe Baraco,Ahmedabad,Ahmedabad,1528,4.3,"Cafe, Italian"
18396250,Huber & Holly,Ahmedabad,Ahmedabad,1413,4.8,"Cafe, Desserts"
18658177,Millhouse,Ahmedabad,Ahmedabad,773,4.2,"Continental, Italian"
18672107,Eleven 11 Restro Cafe,Ahmedabad,Ahmedabad,1079,4.3,"Cafe, Italian, North Indian"
18902811,Legends Of Punjab - By Pepperazi,Ahmedabad,Ahmedabad,218,4.1,"North Indian, Italian, BBQ, Mexican, Thai"
112466,Jay Nilkanth Food,Ahmedabad,Ahmedabad,1346,3.1,"North Indian, Chinese"
18663856,The Red Bistro,Ahmedabad,Ahmedabad,491,4.6,"Mexican, Italian, North Indian"
18766904,The Secret Kitchen,Ahmedabad,Ahmedabad,441,4.1,North Indian
18627705,I Love Sandwich House,Ahmedabad,Ahmedabad,1106,4.2,"Cafe, Sandwich"
18819827,Kadak Bhagat,Ahmedabad,Ahmedabad,444,4.6,"North Indian, Chinese, Fast Food"
18874418,Upri Manzil,Ahmedabad,Ahmedabad,297,4.1,"North Indian, Italian, Continental"
18578691,Bogarosa,Ahmedabad,Ahmedabad,1156,4.1,"Continental, North Indian"
110026,Barbeque Nation,Ahmedabad,Ahmedabad,2236,4.5,"Mughlai, North Indian, BBQ"
18545544,Mocha,Ahmedabad,Ahmedabad,970,4.4,"Cafe, Italian"
113234,Shree Annpurna,Ahmedabad,Ahmedabad,1795,4.1,"North Indian, Chinese"
111826,Yanki Sizzlers,Ahmedabad,Ahmedabad,3437,4.9,"Continental, Italian, Chinese"
18480250,Cafe De Italiano,Ahmedabad,Ahmedabad,770,4.3,Cafe
120687,Subway,Mohali,Mohali,1438,4.3,"Healthy Food, Sandwich, Salad"
18848676,Beach N Brew,Chandigarh,Chandigarh,420,4.5,"North Indian, Continental, Chinese"
121896,Bhena Da Dhaba,Mohali,Mohali,1668,3.9,North Indian
121335,Pirates of Grill,Chandigarh,Chandigarh,2033,4.4,North Indian
121316,Nando's,Chandigarh,Chandigarh,902,4.9,"Portuguese, Wraps, Burger, Salad"
124170,Sector 7 Social,Chandigarh,Chandigarh,2557,4.7,"Continental, American, Asian, North Indian, Momos, Beverages"
18634639,Pradhan Dhaba,Chandigarh,Chandigarh,925,4.0,"North Indian, Chinese, Fast Food"
123013,Amrit Sweets,Mohali,Mohali,1057,4.0,"Mithai, North Indian, South Indian, Street Food"
120767,New Panna Sweets,Chandigarh,Chandigarh,1778,3.9,"Street Food, Chinese, Fast Food, Mithai, North Indian, Burger, Desserts, Pizza"
18694731,DND - Daily Nutritional Diet,Mohali,Mohali,586,4.5,"Healthy Food, Salad"
122418,Burger King,Chandigarh,Chandigarh,1174,4.1,"Burger, Fast Food"
120999,Jalandhar Sweets,Chandigarh,Chandigarh,1319,4.0,"South Indian, North Indian, Chinese, Mithai"
121425,Super Donuts,Chandigarh,Chandigarh,1335,4.4,"Desserts, Burger, Fast Food"
124158,The Hedgehog Café,Chandigarh,Chandigarh,1031,4.5,"Cafe, Italian, American, Continental"
123043,Khalsa Dhaba,Mohali,Mohali,1094,3.9,"North Indian, South Indian, Chinese"
18609823,Falcon Cafe Lounge,Panchkula,Panchkula,1589,4.6,Cafe
122653,Food@U,Chandigarh,Chandigarh,2129,4.2,"North Indian, Chinese, South Indian, Rolls"
120554,Books N Brew,Chandigarh,Chandigarh,1108,3.7,"Cafe, Fast Food, Italian, Chinese"
122875,Tossin Pizza,Chandigarh,Chandigarh,846,4.2,"Pizza, Italian"
123191,CAFÈ JC's,Chandigarh,Chandigarh,1277,4.4,"Continental, Cafe, North Indian, Chinese, American"
130309,Purple Martini,Goa,Goa,1507,4.8,"Continental, Seafood, Italian, Mediterranean, North Indian"
130409,Baba Au Rhum,Goa,Goa,1282,4.6,"Italian, French, Cafe"
16512333,Britto's Bar & Restaurant,Goa,Goa,3900,4.3,"Chinese, Continental, Goan, North Indian, Seafood"
16524239,Bay 15,Goa,Goa,369,4.4,"Thai, Chinese, Indian, Goan, North Indian, Italian, Mediterranean, Seafood"
130535,The Fisherman's Wharf,Goa,Goa,1427,4.7,"Seafood, Goan, North Indian, Continental, Asian"
18685303,The Fisherman's Wharf,Goa,Goa,882,4.6,"Seafood, Goan, North Indian, Continental, Asian"
130427,Artjuna,Goa,Goa,579,4.4,"Healthy Food, Mediterranean, Cafe, Israeli, Lebanese"
18601542,The Lazy Goose,Goa,Goa,783,4.6,"Seafood, Goan, Continental"
130888,The Black Sheep Bistro,Goa,Goa,1850,4.7,"Seafood, Continental, European, German"
18555916,Tio Tilly's Bar & Kitchen,Goa,Goa,560,4.4,"Continental, Finger Food, Burger, Pizza"
16519168,Martin's Corner,Goa,Goa,2226,4.6,"Goan, Seafood, Chinese, North Indian"
16512336,Fat Fish,Goa,Goa,1957,4.2,"North Indian, Continental, Goan"
130230,Curlies,Goa,Goa,2816,3.8,"Continental, North Indian, Italian, Seafood, Goan"
16525595,Cafe Cotinga,Goa,Goa,513,4.4,"Continental, North Indian, Bakery"
18232814,Kokni Kanteen,Goa,Goa,839,4.6,Goan
16541849,The Fisherman's Wharf,Goa,Goa,1197,4.5,"Seafood, Goan, North Indian, Continental, Asian"
130567,Souza Lobo,Goa,Goa,1548,4.3,"Chinese, Continental, Goan, Finger Food, North Indian"
130430,Co Co Mo,Goa,Goa,232,4.4,"North Indian, Chinese, Goan, Russian, Italian"
16519268,La Plage,Goa,Goa,545,4.4,"Seafood, French"
18558647,Navtara Veg Restaurant,Goa,Goa,583,4.5,"South Indian, North Indian, Chinese, Mughlai"
1400382,Shree Gurukripa,Indore,Indore,1750,4.2,North Indian
1400038,Apna Sweets,Indore,Indore,1331,4.2,"Mithai, North Indian, South Indian, Beverages"
18715348,The Monroe,Indore,Indore,647,4.4,"Italian, Chinese, North Indian"
1402185,Shree Gurukripa,Indore,Indore,1270,4.1,North Indian
1400208,Apna Sweets,Indore,Indore,1387,4.1,"Mithai, North Indian, South Indian, Beverages"
1401685,Dutt Guru Kripa,Indore,Indore,1138,4.0,"North Indian, Fast Food"
18675443,Sagar Gaire,Indore,Indore,2857,4.1,"South Indian, North Indian, Fast Food"
1400574,Hotel Rajhans,Indore,Indore,1788,3.8,North Indian
1400056,Nafees Restaurant,Indore,Indore,2819,4.2,"North Indian, Mughlai"
18713037,Tic Tac Toe,Indore,Indore,354,4.5,"North Indian, Chinese, Fast Food"
1401724,Hotel Guru Kripa Avenue,Indore,Indore,1147,4.0,North Indian
18254231,Oye24,Indore,Indore,1370,4.0,"North Indian, Chinese"
1400287,Madhuram Sweets,Indore,Indore,584,4.1,"South Indian, Fast Food, Mithai"
1401774,Banana Leaf,Indore,Indore,751,4.3,"South Indian, North Indian"
18684400,Little Monk,Indore,Indore,381,4.2,"North Indian, Italian, Chinese, Mughlai"
1400310,Vijay Chaat House,Indore,Indore,561,4.5,"Mithai, Street Food"
1400311,Apna Sweets,Indore,Indore,1634,3.9,"Mithai, North Indian, South Indian, Beverages"
18395137,Just My Bakes,Indore,Indore,716,4.1,"Cafe, North Indian"
1402252,Mustang - Hotel Somdeep Palace,Indore,Indore,1109,4.8,"North Indian, Chinese"
18601095,Indore Kitchen - Indore Marriott Hotel,Indore,Indore,534,4.4,"North Indian, Italian, Asian, Fast Food"
18746380,Domino's,Gangtok,Gangtok,53,3.2,"Pizza, Fast Food"
18746904,Baker's Cafe,Gangtok,Gangtok,53,3.4,"Cafe, Bakery"
16500301,The Dragon Wok,Gangtok,Gangtok,36,3.3,Chinese
18746039,Osm Restaurant,Gangtok,Gangtok,65,3.5,"North Indian, Continental, Chinese"
18746176,Taste of Tibet,Gangtok,Gangtok,39,3.4,"Tibetan, Chinese"
18746050,Osm Lounge,Gangtok,Gangtok,16,3.3,Finger Food
16500332,Nimtho,Gangtok,Gangtok,31,3.6,"Tibetan, Nepalese"
18746004,Bonfire ,Gangtok,Gangtok,24,3.4,"Tibetan, North Indian, Fast Food, Chinese"
16500309,Roll House,Gangtok,Gangtok,29,3.3,Fast Food
16500300,The Local Cafe,Gangtok,Gangtok,34,3.5,"Tibetan, Italian"
18746148,Chopstick,Gangtok,Gangtok,22,3.5,Chinese
18746007,Parivar,Gangtok,Gangtok,18,3.2,"South Indian, Chinese, North Indian"
18922563,Domino's Pizza,Gangtok,Gangtok,12,3.2,"Pizza, Fast Food"
18746062,Cafe Live & Loud ,Gangtok,Gangtok,22,3.3,"North Indian, Continental, Chinese"
18746689,Baker's Cafe,Gangtok,Gangtok,15,3.4,"Cafe, Bakery"
16500321,Momo King ,Gangtok,Gangtok,15,3.3,"Nepalese, Chinese"
16500330,Khan Uncle's Biryani House,Gangtok,Gangtok,24,3.4,"Fast Food, Biryani, Chinese"
16500333,Nimtho,Gangtok,Gangtok,14,3.2,"Tibetan, Nepalese"
16500304,Thakali,Gangtok,Gangtok,10,3.2,Nepalese
18983524,Mehfill- Resto Bar,Gangtok,Gangtok,3,0.0,North Indian
18629821,Sula Vineyards,Nashik,Nashik,228,4.7,"Cafe, Pizza, North Indian"
1600099,Kokni Darbar,Nashik,Nashik,938,4.2,"Fast Food, Chinese, Mughlai"
1600067,Al Arabian Express,Nashik,Nashik,689,4.4,Mughlai
1600136,Dairy Don,Nashik,Nashik,342,4.5,Ice Cream
18585945,The Foundry- Industrial Bar & Sport,Nashik,Nashik,212,4.6,"Continental, Italian, American"
18839989,Samarth Juice Center,Nashik,Nashik,306,4.3,"Beverages, Juices"
18943921,Burger Point,Nashik,Nashik,144,4.3,"Burger, Fast Food"
1600500,The Sidewalk,Nashik,Nashik,214,4.9,"Continental, Indian, Chinese"
18608708,Burger King,Nashik,Nashik,418,4.3,"Burger, Fast Food"
1600258,Barbeque Nation,Nashik,Nashik,772,4.8,"North Indian, European, Mediterranean, Asian"
18632170,Panorama,Nashik,Nashik,179,4.6,"North Indian, Chinese"
1600169,Veg Aroma,Nashik,Nashik,289,4.1,North Indian
1600301,Cellar Door @ York,Nashik,Nashik,102,4.4,"North Indian, Maharashtrian, Chinese"
18658877,Rock n' Roll,Nashik,Nashik,349,3.9,"Rolls, Fast Food, Chinese"
1600227,Divtya Budhlya Wada Restaurant,Nashik,Nashik,312,4.4,Maharashtrian
18573795,The FRIENDS Bistro,Nashik,Nashik,223,4.5,Cafe
1600119,Domino's Pizza,Nashik,Nashik,274,3.7,"Pizza, Fast Food"
1600109,Eastern Spice,Nashik,Nashik,216,4.0,North Indian
18962186,Hotel Mughal Darbar,Nashik,Nashik,130,4.2,"Mughlai, North Indian, Chinese"
1600029,Barbeque Ville,Nashik,Nashik,328,4.2,North Indian
18698487,Angaara ,Ooty,Ooty,144,3.6,"Arabian, Chinese, Continental, South Indian"
18698864,A2B- Adyar Ananda Bhavan,Ooty,Ooty,139,3.4,"South Indian, North Indian"
18698898,Domino's Pizza,Ooty,Ooty,75,3.3,"Pizza, Fast Food"
18698690,Nahar Sidewalk Cafe,Ooty,Ooty,50,3.3,"Cafe, Burger, Pizza"
18698726,Hyderabad Biriyani House,Ooty,Ooty,39,3.3,"Andhra, Biryani"
18699624,Shinkows Chinese Restaurant ,Ooty,Ooty,62,3.2,Chinese
18698924,Hyderabad Biryani House,Ooty,Ooty,61,3.2,"Andhra, Biryani"
18698964,Thalassery Restaurant,Ooty,Ooty,42,3.3,South Indian
18698943,Willy's Coffee Pub,Ooty,Ooty,39,3.3,Cafe
18698658,Place To Bee,Ooty,Ooty,55,3.7,Italian
18698644,Cocoapods,Ooty,Ooty,24,3.3,Cafe
18699681,Darjeeling Spicy Momo,Ooty,Ooty,20,3.4,"Chinese, Tibetan, Momos"
18698833,Pankaj Bhojanalaya,Ooty,Ooty,23,3.3,North Indian
18699247,Dining Room,Ooty,Ooty,8,3.4,"Armenian, Chinese, European, Italian, North Indian, South Indian"
18698916,New Ooty Bakery ,Ooty,Ooty,21,3.3,"Mithai, Bakery, Chinese, Fast Food"
18698797,Hotel Junior Kuppanna,Ooty,Ooty,20,3.3,"Chettinad, South Indian"
18698832,Quality Restaurant,Ooty,Ooty,14,3.2,"Chinese, South Indian, North Indian"
18700259,Thendral Restaurant,Ooty,Ooty,7,3.3,South Indian
18698688,Cliff Top,Ooty,Ooty,10,3.3,"North Indian, South Indian, European"
18698999,Ooty Coffee House ,Ooty,Ooty,14,3.3,South Indian
18848790,The Brew Estate,Shimla,Shimla,148,4.0,"North Indian, Continental"
18703923,Cafe Simla Times,Shimla,Shimla,185,4.1,"Cafe, North Indian, Continental, Beverages, Chinese"
18703946,Cafe Sol,Shimla,Shimla,71,3.6,Cafe
18704132,Indian Coffee House,Shimla,Shimla,66,3.7,"Fast Food, Beverages"
18704176,Hide Out Cafe,Shimla,Shimla,71,3.6,Cafe
18704216,45 The Central,Shimla,Shimla,46,3.6,"North Indian, European, Asian"
18704153,Domino's,Shimla,Shimla,119,3.5,Pizza
18704300,Sher-e-Punjab,Shimla,Shimla,54,3.3,North Indian
18703974,Cafe Under Tree,Shimla,Shimla,44,3.6,Cafe
18704318,Sita Ram & Son ,Shimla,Shimla,56,3.5,Street Food
18704259,Honey Hut,Shimla,Shimla,49,3.6,Cafe
18703932,Eighteen 71,Shimla,Shimla,46,3.6,"Continental, North Indian, Chinese, Bakery, Beverages"
18703939,Embassy The Restaurant,Shimla,Shimla,46,3.0,Cafe
18703966,HPTDC Goofa Ashiana Bar and Restaurant,Shimla,Shimla,38,3.5,Continental
18704355,Gupta Ji Bhojnalya,Shimla,Shimla,47,3.3,"North Indian, Street Food"
18703964,Nalini,Shimla,Shimla,22,3.2,"North Indian, Chinese, South Indian"
18704552,Diamond,Shimla,Shimla,30,3.2,"Mithai, Fast Food"
18704352,China Town Restaurant,Shimla,Shimla,16,3.5,Chinese
18704339,Hotel Combermere,Shimla,Shimla,28,3.6,Cafe
18704457,Singh's Tandoor,Shimla,Shimla,48,3.3,"North Indian, Fast Food"
18784840,The Table By Basant,Ludhiana,Ludhiana,884,4.4,"North Indian, Pizza, Fast Food, Burger, Sandwich, Rolls"
15401,Natural Soups & Shakes,Ludhiana,Ludhiana,895,4.5,"Fast Food, Beverages, Street Food"
15221,Basant,Ludhiana,Ludhiana,1315,4.4,"North Indian, Chinese, South Indian, Fast Food"
18400368,Pirates Of Grill,Ludhiana,Ludhiana,982,4.9,"North Indian, Mughlai"
15008,Hot Breads,Ludhiana,Ludhiana,1086,4.4,"Continental, Chinese, Italian, Bakery"
18680874,Natural 2,Ludhiana,Ludhiana,525,4.3,"Chinese, Burger, Sandwich, Rolls, Momos"
15047,Rishi Vegetarian Dhaba NK,Ludhiana,Ludhiana,2158,4.2,North Indian
18444271,Hawai Adda,Ludhiana,Ludhiana,745,4.5,"Chinese, Continental, Indian, North Indian"
15556,New Delhi Chhole Bhature,Ludhiana,Ludhiana,978,4.0,"North Indian, Street Food"
18728655,Uncle Jack's,Ludhiana,Ludhiana,703,4.8,"American, Desserts, Beverages"
15239,Basant Restaurant,Ludhiana,Ludhiana,990,4.1,"North Indian, Chinese, Fast Food"
15101,Bansi Vaishno Dhaba,Ludhiana,Ludhiana,1813,4.0,North Indian
18586834,Burger King,Ludhiana,Ludhiana,1283,4.0,"Burger, Fast Food"
15295,Raja Dhaba,Ludhiana,Ludhiana,1166,4.1,"North Indian, Street Food, Chinese, Burger, Pizza, Biryani, South Indian"
18282260,KFC,Ludhiana,Ludhiana,1170,4.1,"Burger, Fast Food"
15077,Meshi Vaishnu Dhaba,Ludhiana,Ludhiana,900,4.0,North Indian
18729016,K Chawla Ice Cream & Sweets,Ludhiana,Ludhiana,385,4.4,"Mithai, Ice Cream, Chinese, Burger, Sandwich, Pizza, Rolls, Momos"
15488,Shahi Khansama,Ludhiana,Ludhiana,1298,4.2,"North Indian, Chinese, Fast Food, Rolls"
15127,Vipan Vaishno Dhaba,Ludhiana,Ludhiana,636,4.1,North Indian
18583331,Gopal Sweets,Ludhiana,Ludhiana,485,4.3,"Mithai, Fast Food"
2100712,Mocha,Guwahati,Guwahati,1069,4.8,"Cafe, Italian"
2101445,The Steaming Mug ,Guwahati,Guwahati,542,4.2,Cafe
2100702,Barbeque Nation,Guwahati,Guwahati,1795,4.9,"North Indian, Mediterranean"
2100707,KFC,Guwahati,Guwahati,459,4.1,"Burger, Fast Food"
2100719,The Corner Cafe,Guwahati,Guwahati,682,4.1,"Cafe, Continental, Momos"
18633388,Kalita Cafe,Guwahati,Guwahati,294,4.4,"Rolls, Bakery, European"
2100784,11th Avenue Cafe Bistro,Guwahati,Guwahati,1049,4.2,"Cafe, American, Italian, Continental"
2100118,The Dhaba,Guwahati,Guwahati,645,4.1,"North Indian, Biryani"
2100478,Terra Mayaa Restaurant and Lounge,Guwahati,Guwahati,808,4.1,"Continental, Italian, Indian, Asian"
2100821,Raja Mircha,Guwahati,Guwahati,576,4.7,"Assamese, Naga"
2100832,Mast Biryani,Guwahati,Guwahati,880,4.5,"North Indian, Biryani"
18710093,Fat Belly,Guwahati,Guwahati,300,4.3,"Chinese, Thai, Momos"
18801521,Cafe Gram,Guwahati,Guwahati,150,4.0,"Chinese, Biryani"
2100644,KFC,Guwahati,Guwahati,633,3.8,"Burger, Fast Food"
2100495,Grill Republica,Guwahati,Guwahati,503,4.3,"Rolls, Momos, Burger"
2100913,Kalita Spectrum,Guwahati,Guwahati,398,4.7,"Chinese, Biryani, Desserts"
2100904,Mughal Garden,Guwahati,Guwahati,488,4.4,"Mughlai, North Indian"
18702475,Nanz Cafe,Guwahati,Guwahati,247,4.5,"Cafe, Momos"
18381932,The Zouq : Resto-Cafe,Guwahati,Guwahati,594,3.8,"Chinese, Cafe, Italian, North Indian"
18480196,Fat Belly,Guwahati,Guwahati,781,4.6,"Asian, Chinese, Tibetan, Momos"
2200000,Kesar Da Dhabha,Amritsar,Amritsar,2569,4.6,North Indian
2200044,Bharawan Da Dhaba,Amritsar,Amritsar,989,4.3,"North Indian, Fast Food"
2200132,Bade Bhai ka Brothers Dhaba,Amritsar,Amritsar,1005,4.4,North Indian
2200105,R K Food Plaza,Amritsar,Amritsar,504,4.2,"North Indian, Chinese, Fast Food"
2200055,Beera Chicken House,Amritsar,Amritsar,876,4.3,North Indian
2200045,The Kulcha Land,Amritsar,Amritsar,812,4.5,"North Indian, Street Food"
2200011,Makhan Fish and Chicken Corner,Amritsar,Amritsar,867,4.0,"North Indian, Chinese"
2200365,Cafe Connect,Amritsar,Amritsar,395,4.1,Fast Food
2200864,Burger King,Amritsar,Amritsar,568,4.1,Burger
2200386,Kale Da Dhaba,Amritsar,Amritsar,493,4.2,North Indian
2200236,Brothers' Amritsari Dhaba,Amritsar,Amritsar,343,4.3,North Indian
2200245,Novelty Sweets,Amritsar,Amritsar,345,4.2,Mithai
2200358,Bon Gateau,Amritsar,Amritsar,413,4.3,"Cafe, Bakery, Fast Food"
2200314,Domino's Pizza,Amritsar,Amritsar,663,3.8,"Pizza, Fast Food"
2200534,Sip n Breww,Amritsar,Amritsar,399,3.9,Cafe
2200357,Sanjha Chulha,Amritsar,Amritsar,465,4.2,North Indian
2200283,Sakhis Watz Kukin,Amritsar,Amritsar,385,4.4,"Chinese, Continental, North Indian, Italian, Mughlai"
2200153,Kanha Sweets,Amritsar,Amritsar,451,4.7,Fast Food
2200923,Hungry Pizza,Amritsar,Amritsar,294,4.0,"Fast Food, Italian, Pizza"
2200286,Cafe Chokolade,Amritsar,Amritsar,301,4.0,"Salad, Cafe, Healthy Food, Fast Food"
2300179,Talk Of The Town,Kanpur,Kanpur,604,4.4,Chinese
2300175,Mithas,Kanpur,Kanpur,457,4.4,"Mithai, Fast Food, Street Food, South Indian"
2300842,Hot Pizza Ace,Kanpur,Kanpur,472,4.0,"Pizza, Fast Food"
18209832,Zyka Restaurant,Kanpur,Kanpur,596,4.1,"North Indian, Biryani, Desserts, Fast Food, Pizza"
2300299,Domino's Pizza,Kanpur,Kanpur,1000,3.5,"Pizza, Fast Food"
18697142,Facebook Point,Kanpur,Kanpur,383,4.0,"Burger, Chinese, North Indian, Rolls"
2300884,Sagar Ratna,Kanpur,Kanpur,447,4.3,"South Indian, North Indian, Chinese"
18811222,Chauuan Pandit Paties,Kanpur,Kanpur,419,4.5,Fast Food
2300981,Bazooka,Kanpur,Kanpur,874,3.9,"Cafe, North Indian, Chinese"
2300729,Juicebox,Kanpur,Kanpur,338,4.3,"Beverages, Fast Food"
2300984,Foodoo Pizza,Kanpur,Kanpur,399,3.8,"Fast Food, Pizza, Chinese"
2300092,Pandit's,Kanpur,Kanpur,321,4.2,"North Indian, Mithai"
2300492,Baba Food Court,Kanpur,Kanpur,352,4.1,"Mughlai, Hyderabadi"
2301845,Mi Casa,Kanpur,Kanpur,141,4.4,"Continental, Italian, Fast Food, Burger, American, Chinese"
2300502,Silver Spoons,Kanpur,Kanpur,422,4.2,"Bakery, Fast Food, Chinese, Continental, Italian, Momos, Pizza"
2300051,Domino's Pizza,Kanpur,Kanpur,1090,3.9,"Pizza, Fast Food"
2300050,Baba Biryani,Kanpur,Kanpur,422,4.1,"Mughlai, Hyderabadi"
2300549,Mithas,Kanpur,Kanpur,337,4.3,"Mithai, Desserts, Fast Food, Street Food"
2300104,Spicy Foods,Kanpur,Kanpur,440,4.0,"North Indian, Fast Food"
2300035,KFC,Kanpur,Kanpur,611,4.1,"Burger, Fast Food"
2400349,Pizza Hut,Allahabad,Allahabad,565,4.0,"Italian, Pizza"
2400358,Domino's Pizza,Allahabad,Allahabad,520,3.7,"Pizza, Fast Food"
2400193,Mr. Dewsis,Allahabad,Allahabad,485,4.2,"North Indian, Chinese"
2400565,Old School Cafe,Allahabad,Allahabad,360,4.4,"Cafe, North Indian, Continental, Chinese, Indian, Thai, Burger"
2400018,El Chico Restaurant,Allahabad,Allahabad,506,4.3,"Continental, North Indian, Chinese"
2400394,Well Bean Cafe,Allahabad,Allahabad,284,4.4,Cafe
2400269,Hot n Cool,Allahabad,Allahabad,236,4.3,"Desserts, Fast Food, Ice Cream"
2400119,KFC,Allahabad,Allahabad,431,4.2,"Burger, Fast Food"
18799013,Nainital Momos,Allahabad,Allahabad,123,4.1,"Momos, Beverages"
2400009,Sagar Ratna,Allahabad,Allahabad,621,4.4,"South Indian, North Indian, Chinese, Continental"
2400014,McDonald's,Allahabad,Allahabad,526,4.3,"Burger, Fast Food"
2400356,Domino's Pizza,Allahabad,Allahabad,515,3.9,"Pizza, Fast Food"
2400017,Tandoor Restaurant,Allahabad,Allahabad,343,2.8,"North Indian, Chinese"
2400019,Bikanerwala,Allahabad,Allahabad,224,4.2,"North Indian, Street Food, Fast Food"
18889008,EDEN by Connoisseur,Allahabad,Allahabad,95,4.5,"North Indian, Chinese, Continental"
2400403,Pind Balluchi,Allahabad,Allahabad,305,4.3,"North Indian, Mughlai"
2400020,Aryan Family's Delight,Allahabad,Allahabad,298,4.3,"North Indian, South Indian, Fast Food"
2400533,SCORE - The Games Cafe,Allahabad,Allahabad,332,4.5,"Cafe, Desserts, Beverages"
18901221,7th Heaven,Allahabad,Allahabad,78,4.0,"Bakery, Italian, Continental, Desserts"
2400390,Haldiram Bhujiawala,Allahabad,Allahabad,313,4.1,"North Indian, Fast Food, Street Food, South Indian, Chinese"
2500904,Kef Lounge,Aurangabad,Aurangabad,256,4.6,"North Indian, Chinese, Thai"
2500672,SNT Tahari House ,Aurangabad,Aurangabad,379,4.4,Maharashtrian
2500034,Green Leaf,Aurangabad,Aurangabad,798,4.8,"Chinese, North Indian"
2500969,Mustafa's Dum Biryani,Aurangabad,Aurangabad,787,3.7,Biryani
2500346,Yalla Yalla,Aurangabad,Aurangabad,576,4.3,"North Indian, Hyderabadi, Biryani"
2500135,Domino's Pizza,Aurangabad,Aurangabad,511,2.6,"Pizza, Fast Food"
2500211,Saurabh Restaurant,Aurangabad,Aurangabad,356,4.7,"North Indian, Mughlai, Biryani, South Indian, Chinese"
2500123,Great Sagar Restaurant,Aurangabad,Aurangabad,458,4.1,"North Indian, Mughlai, Kebab, Biryani"
2500332,KFC,Aurangabad,Aurangabad,436,4.3,"Burger, Fast Food"
2500030,Bhoj Restaurant,Aurangabad,Aurangabad,527,4.6,North Indian
2500654,Sagar Restaurant ,Aurangabad,Aurangabad,278,4.0,North Indian
2500055,Smile Veg Restaurant,Aurangabad,Aurangabad,387,4.3,"North Indian, South Indian, Fast Food, Chinese"
2500164,Koyla Dum Biryanis & Kebabs,Aurangabad,Aurangabad,487,2.7,Biryani
2500353,Pizza Hut,Aurangabad,Aurangabad,434,4.0,"Pizza, Fast Food"
2500385,Gayatri Mewad,Aurangabad,Aurangabad,329,4.5,Maharashtrian
2500146,Sai Prasad,Aurangabad,Aurangabad,350,4.5,"North Indian, Chinese"
2500241,Cone-N-Cakes,Aurangabad,Aurangabad,263,4.4,"Desserts, Fast Food"
2500052,Ashoka's Veg Restaurant,Aurangabad,Aurangabad,280,4.0,"South Indian, Chinese, North Indian"
18796129,Shahi Mughal Darbar,Aurangabad,Aurangabad,225,4.5,"North Indian, Mughlai, Chinese"
2500134,Domino's Pizza,Aurangabad,Aurangabad,386,3.1,"Pizza, Fast Food"
2600334,Sagar Gaire Fast Food,Bhopal,Bhopal,1393,4.5,"North Indian, South Indian, Chinese, Fast Food, Beverages"
2600081,Zam Zam Fast Food,Bhopal,Bhopal,1551,4.3,North Indian
2600369,Sagar Gaire Fast Food,Bhopal,Bhopal,999,4.5,"Fast Food, Chinese, Beverages"
2600499,Zam Zam Fast Food,Bhopal,Bhopal,863,4.1,"North Indian, Mughlai"
2600003,Manohar Dairy And Restaurant,Bhopal,Bhopal,753,4.4,"Street Food, South Indian, Fast Food, Desserts, North Indian, Chinese, Bakery, Mithai"
2600109,Sagar Gaire Fast Food,Bhopal,Bhopal,2470,4.6,"North Indian, South Indian, Chinese, Fast Food, Beverages"
2600665,Vishnu Chinese Fast Food,Bhopal,Bhopal,797,4.3,"North Indian, South Indian, Chinese, Fast Food"
2600321,Sagar Gaire Fast Food,Bhopal,Bhopal,755,4.2,"North Indian, South Indian, Chinese, Fast Food, Beverages"
2600051,Al-Beik,Bhopal,Bhopal,1017,4.3,Fast Food
18154918,Khan Sahab,Bhopal,Bhopal,737,4.2,Mughlai
2601361,Sagar Gaire Fast Food,Bhopal,Bhopal,639,4.1,"South Indian, North Indian, Chinese, Fast Food, Beverages"
2600320,Sagar Gaire Fast Food,Bhopal,Bhopal,1157,4.4,"North Indian, South Indian, Chinese, Fast Food, Beverages"
18812768,Anni Bhai ki Biryani,Bhopal,Bhopal,276,4.5,Biryani
2600047,Bapu Ki Kutia,Bhopal,Bhopal,519,3.9,"North Indian, Chinese, South Indian, Fast Food, Street Food"
2601776,Khan Chacha,Bhopal,Bhopal,591,4.0,North Indian
18772225,Sagar Gaire Fast Food,Bhopal,Bhopal,356,4.1,"Fast Food, Chinese, South Indian, Beverages"
2601248,Sagar Gaire Fast Food,Bhopal,Bhopal,496,4.2,"South Indian, North Indian, Chinese, Fast Food, Beverages"
2601595,Sagar Gaire Fast Food,Bhopal,Bhopal,386,4.1,"South Indian, North Indian, Chinese, Fast Food, Beverages"
2600913,32 Degree North East,Bhopal,Bhopal,308,4.6,North Indian
2600008,Bake N Shake,Bhopal,Bhopal,649,4.6,"Bakery, Chinese, Continental, Pizza, Italian, Sandwich, Beverages, Cafe"
2700085,Kaveri - Lalpur,Ranchi,Ranchi,809,4.2,"North Indian, Chinese, South Indian, Biryani, Fast Food"
2700048,Domino's Pizza,Ranchi,Ranchi,1053,4.1,"Pizza, Fast Food"
2700059,Punjab Sweet House,Ranchi,Ranchi,915,4.5,"Mithai, Street Food, Desserts, South Indian, Beverages"
18388053,The Best,Ranchi,Ranchi,398,4.3,"North Indian, Pizza, South Indian, Bakery, Fast Food, Sandwich, Burger"
2700606,Second Wife Restaurant,Ranchi,Ranchi,381,4.2,"Chinese, Fast Food, Burger"
2700423,Punjabi Kitchen,Ranchi,Ranchi,588,4.2,"North Indian, Biryani, Fast Food"
2700336,The Mezbaan,Ranchi,Ranchi,616,4.0,"North Indian, Biryani, Chinese, Fast Food"
2700986,Domino's Pizza,Ranchi,Ranchi,596,3.7,"Pizza, Fast Food"
2700458,The Breaking Bread,Ranchi,Ranchi,395,4.6,"Cafe, Bakery, Italian"
18159977,Hot Lips,Ranchi,Ranchi,327,4.2,"North Indian, Chinese, Biryani, Pizza, Street Food, Desserts, Beverages"
2700558,KFC,Ranchi,Ranchi,336,4.2,"Burger, Fast Food"
2700489,Jashn,Ranchi,Ranchi,370,4.3,"North Indian, Chinese, Fast Food"
2700044,KFC,Ranchi,Ranchi,584,4.1,"Burger, Fast Food"
2700024,New Kathi Kabab,Ranchi,Ranchi,607,4.1,"North Indian, Chinese, Biryani, Fast Food"
2700047,Domino's Pizza,Ranchi,Ranchi,513,3.8,"Pizza, Fast Food"
2700081,Seasons Restaurant,Ranchi,Ranchi,457,4.1,"North Indian, Chinese, Fast Food, Biryani, Street Food, Pizza, Desserts, Beverages"
2700696,Kareem's,Ranchi,Ranchi,485,4.2,"Biryani, North Indian, Mughlai, Street Food, Desserts"
2700779,Sardar Fast Food Plaza,Ranchi,Ranchi,384,3.9,"Chinese, North Indian, Biryani, Fast Food"
2700049,Pizza Hut,Ranchi,Ranchi,373,4.2,Pizza
2700011,Seventh Heaven,Ranchi,Ranchi,520,4.3,"South Indian, North Indian, Chinese, Pizza, Street Food, Biryani, Burger, Sandwich"
2800993,Zeeshan Restaurant - Apna Hyderabadi Food,Vizag,Vizag,1986,4.3,"Hyderabadi, Mughlai"
2800294,Sri Sairam Parlour,Vizag,Vizag,1377,4.6,"South Indian, North Indian"
2801554,Helapuri Restaurant,Vizag,Vizag,1283,4.1,"Biryani, Chinese, North Indian, South Indian"
2800014,KFC,Vizag,Vizag,1825,4.3,"Burger, Fast Food"
2800096,Kamat Restaurant,Vizag,Vizag,1468,4.4,"Andhra, North Indian, Chinese, Seafood, Biryani"
2801173,Paradise,Vizag,Vizag,1073,3.8,"Biryani, North Indian, Chinese"
2801561,Indian Flavours Restaurant,Vizag,Vizag,672,4.0,"North Indian, Chinese, Biryani, South Indian"
18766029,Helapuri Restaurant,Vizag,Vizag,553,3.8,"Biryani, Chinese, North Indian, South Indian"
2801545,Helapuri Restaurant,Vizag,Vizag,596,4.0,"Biryani, Chinese, North Indian"
2801559,Hotel V Parlour,Vizag,Vizag,593,4.2,"South Indian, North Indian, Chinese"
2800083,My Restaurant,Vizag,Vizag,825,4.2,"Andhra, North Indian, Chinese, Biryani"
2801648,Helapuri Restaurant,Vizag,Vizag,582,3.7,"Biryani, Chinese, North Indian, South Indian"
2800901,Paradise,Vizag,Vizag,1707,3.8,"Biryani, North Indian, Chinese"
2801034,"Fresh Choice- Patisserie, Bakery & Café",Vizag,Vizag,430,4.7,"Bakery, Cafe"
2800790,Hotel Grand Alpha,Vizag,Vizag,1010,2.9,"Biryani, North Indian, Chinese"
2800868,Raju's Kitchen,Vizag,Vizag,544,4.1,"Chinese, North Indian, Fast Food"
2801236,KFC,Vizag,Vizag,1035,4.0,"Burger, Fast Food"
18809359,Helapuri Tiffins,Vizag,Vizag,499,3.8,South Indian
2800114,New Satyam Multicuisine Restaurant & Takeaway,Vizag,Vizag,847,4.0,"North Indian, Chinese, Andhra"
2800903,Mekong - Hotel GreenPark,Vizag,Vizag,635,4.7,"Chinese, Thai, Burmese, Vietnamese, Tibetan, Japanese, Momos"
18805782,Chili's Grill & Bar,Bhubaneshwar,Bhubaneshwar,301,4.9,"Tex-Mex, Fast Food"
2902018,Biryani Bhubaneswar,Bhubaneshwar,Bhubaneshwar,1393,4.0,Biryani
18991874,Breathe By Biswajit,Bhubaneshwar,Bhubaneshwar,90,3.8,"North Indian, Chinese, Seafood, Desserts, Beverages"
2901195,BOCCA Cafe,Bhubaneshwar,Bhubaneshwar,733,4.5,Cafe
2900234,TCD Restaurant & Banquet,Bhubaneshwar,Bhubaneshwar,872,4.1,"Fast Food, North Indian, Chinese"
2900509,Chandini Food Magic,Bhubaneshwar,Bhubaneshwar,579,3.2,Fast Food
18237402,Biggies Burger 'n' More,Bhubaneshwar,Bhubaneshwar,676,4.4,Fast Food
18271459,JUGAAD JN.,Bhubaneshwar,Bhubaneshwar,1112,4.3,"North Indian, Rajasthani"
2901460,Sher-e-Punjab,Bhubaneshwar,Bhubaneshwar,659,3.7,"North Indian, Chinese, Mughlai"
18770281,Three Kings,Bhubaneshwar,Bhubaneshwar,333,4.5,"Arabian, Mughlai, Lebanese"
2900667,Biryani247,Bhubaneshwar,Bhubaneshwar,1107,3.9,"Biryani, North Indian, Mughlai, Momos"
2900453,KFC,Bhubaneshwar,Bhubaneshwar,669,4.2,"Burger, Fast Food"
2900474,Narula's Restaurant,Bhubaneshwar,Bhubaneshwar,931,4.4,"North Indian, Mughlai"
18848926,Moody Blues,Bhubaneshwar,Bhubaneshwar,324,4.5,"Chinese, Italian, Continental, Mexican, Arabian"
18753913,Biriyani King,Bhubaneshwar,Bhubaneshwar,559,3.9,Biryani
18285395,Biriyani Box,Bhubaneshwar,Bhubaneshwar,836,3.9,"Biryani, Hyderabadi, Rolls, Kebab"
2900232,Domino's Pizza,Bhubaneshwar,Bhubaneshwar,831,4.1,"Pizza, Fast Food"
2900222,KFC,Bhubaneshwar,Bhubaneshwar,957,4.0,"Burger, Fast Food"
2900793,JUGAAD JN.,Bhubaneshwar,Bhubaneshwar,499,4.2,Fast Food
2900658,Biggies Burger 'n' More,Bhubaneshwar,Bhubaneshwar,940,4.7,"Fast Food, Burger"
3000152,Cock Ra Co,Coimbatore,Coimbatore,489,4.2,"North Indian, Chinese, South Indian"
3000214,Shahi Grill,Coimbatore,Coimbatore,654,4.1,"Chettinad, North Indian, Chinese"
3001572,The French Door Cafe & Restaurant,Coimbatore,Coimbatore,429,4.7,"Cafe, Continental, French, North Indian, European"
3002026,The Chocolate Room,Coimbatore,Coimbatore,356,4.9,"Cafe, Desserts"
3001032,Burger Ka Baap,Coimbatore,Coimbatore,816,4.9,"Fast Food, Burger"
3002715,Yugo,Coimbatore,Coimbatore,450,4.3,Cafe
3000107,Haribhavanam,Coimbatore,Coimbatore,685,4.3,"South Indian, Chettinad, North Indian"
18242351,Eleven 2 Eleven,Coimbatore,Coimbatore,277,4.1,"Chinese, North Indian, Seafood, South Indian"
3002291,Dindigul Venu Biryani,Coimbatore,Coimbatore,349,4.0,Biryani
3001315,Hotel Delhi Dharbarr,Coimbatore,Coimbatore,444,4.0,"South Indian, Chinese, Biryani"
3000048,Barbeque Nation,Coimbatore,Coimbatore,881,4.8,"North Indian, European, Mediterranean"
3000280,Denmarrk Drive-Inn Restaurant,Coimbatore,Coimbatore,320,4.1,"North Indian, Chinese"
3000572,Sree Annapoorna Sree Gowrishankar,Coimbatore,Coimbatore,229,4.4,"South Indian, Chinese, North Indian"
3000014,Sree Annapoorna Sree Gowrishankar,Coimbatore,Coimbatore,427,4.6,"South Indian, North Indian, Chinese"
18671982,Zucca Pizzeria,Coimbatore,Coimbatore,374,4.4,"Pizza, Fast Food"
18241403,Vaskas Biriyani,Coimbatore,Coimbatore,482,3.8,"Biryani, Mughlai"
3000018,Dindigul Venu Biryani,Coimbatore,Coimbatore,477,4.2,Biryani
3000251,Pizza Hut,Coimbatore,Coimbatore,331,4.0,Pizza
3002287,The Slave's Restaurant,Coimbatore,Coimbatore,236,4.2,"South Indian, Italian, American, Salad"
3000811,Shree Anandhaas,Coimbatore,Coimbatore,239,4.5,"South Indian, North Indian, Chinese"
3100210,Ideal Cafe,Mangalore,Mangalore,855,4.6,"Ice Cream, South Indian, Fast Food, Beverages, Desserts"
3100196,Pabbas,Mangalore,Mangalore,1819,4.9,"Ice Cream, Desserts, Beverages, Fast Food"
3100302,Machali,Mangalore,Mangalore,1197,4.6,"Seafood, Mangalorean, South Indian"
3100753,Bamboo Restaurant,Mangalore,Mangalore,537,4.1,"Biryani, North Indian"
18656648,Waffee House,Mangalore,Mangalore,408,4.4,"Desserts, Beverages"
3100010,Diesel Cafe,Mangalore,Mangalore,543,4.3,"American, Italian, Pizza, Sandwich"
3100448,Spindrift,Mangalore,Mangalore,544,4.3,"Continental, Pizza, Italian, Steak, Thai, Finger Food"
3100924,Dinki Dine,Mangalore,Mangalore,315,4.2,"North Indian, Chinese, South Indian, Burger, Desserts, Beverages"
3100111,Tandoor,Mangalore,Mangalore,207,4.2,"Seafood, Mangalorean, North Indian, South Indian, Biryani"
3100044,Village Restaurant,Mangalore,Mangalore,633,4.2,"South Indian, Mangalorean, Arabian, Pizza, Biryani, Chinese, North Indian, Continental"
3100006,Ideal's,Mangalore,Mangalore,529,4.5,"Ice Cream, Desserts, Beverages"
3100159,Crave Desserts & Bakes,Mangalore,Mangalore,406,4.3,"Desserts, Bakery, Beverages"
3100845,Drnk Lab,Mangalore,Mangalore,206,3.9,"Cafe, Burger, Beverages, Fast Food"
3100134,Andhra House,Mangalore,Mangalore,300,4.0,"Biryani, Andhra, Chinese"
3100837,Food Junction,Mangalore,Mangalore,240,4.1,"Charcoal Chicken, Arabian, Mughlai, Burger, Chinese, North Indian, Beverages, Desserts"
3100169,The Old Prax,Mangalore,Mangalore,326,3.9,"Burger, Finger Food, Fast Food"
3100524,Brick House,Mangalore,Mangalore,309,4.1,"Continental, Chinese"
3100441,Barbeque Nation,Mangalore,Mangalore,1134,4.6,"North Indian, Chinese"
3100016,Royal Darbar,Mangalore,Mangalore,253,4.0,"Mughlai, Biryani, North Indian, Desserts, Beverages"
3100013,Hao Ming,Mangalore,Mangalore,565,4.0,"Chinese, Momos, Beverages"
18502212,Munchane,Vadodara,Vadodara,1502,4.3,"Pizza, Fast Food"
18409523,Jassi De Parathe,Vadodara,Vadodara,1664,4.7,North Indian
18767071,Day Night Vada Pav & Dabeli,Vadodara,Vadodara,491,4.5,Fast Food
3200244,Tasty Vada Pav,Vadodara,Vadodara,398,4.5,Street Food
3201876,Brown Burger Co,Vadodara,Vadodara,1043,4.3,"Salad, Healthy Food, Sandwich, Fast Food, Beverages, Burger, Pizza"
3200606,Santushti Shakes & More,Vadodara,Vadodara,597,4.5,"Beverages, Desserts"
3200477,Chhappanbhog Restaurant & Banquets,Vadodara,Vadodara,1236,3.8,"Gujarati, North Indian"
3200424,Domino's Pizza,Vadodara,Vadodara,1068,3.9,"Pizza, Fast Food"
3200981,Burger King,Vadodara,Vadodara,1326,4.1,"Burger, Fast Food"
3201787,Saladific,Vadodara,Vadodara,755,4.1,"Healthy Food, Salad, Juices, Sandwich, Fast Food"
3201965,Old School Eatery,Vadodara,Vadodara,570,4.8,"Fast Food, North Indian"
18461598,Amritsari Kulcha,Vadodara,Vadodara,497,4.6,Street Food
3200029,KFC,Vadodara,Vadodara,1073,4.2,"Burger, Fast Food"
3201461,Retro Bistro,Vadodara,Vadodara,649,4.4,"North Indian, Lebanese, Moroccan, Italian, Chinese, Continental, Mexican"
3200139,Hariyali Restaurant,Vadodara,Vadodara,570,4.2,North Indian
3200560,Mr Toasties,Vadodara,Vadodara,425,3.9,Fast Food
3200555,Shree Kathiyawadi Khadki,Vadodara,Vadodara,460,4.3,"Gujarati, Rajasthani"
3200298,Yo Frankie,Vadodara,Vadodara,301,4.3,Fast Food
3200665,Barbeque Nation,Vadodara,Vadodara,349,4.7,"Mughlai, North Indian"
3200857,Flavor Restaurant,Vadodara,Vadodara,854,4.0,"Gujarati, North Indian"
3300072,Dosa Plaza,Nagpur,Nagpur,778,4.0,"Chinese, Fast Food, South Indian"
18706194,Goosebumps,Nagpur,Nagpur,711,4.3,"Ice Cream, Bakery, Street Food, Chinese"
3301708,Plan B,Nagpur,Nagpur,311,4.5,"Burger, Salad, Sandwich, Fast Food, Beverages"
3300056,Barbecue Restaurant,Nagpur,Nagpur,1143,4.8,North Indian
3301462,Three Beans,Nagpur,Nagpur,626,4.4,"Cafe, Italian, Continental"
3300012,Mini Punjab,Nagpur,Nagpur,1800,3.6,"Chinese, North Indian, Mughlai"
18623894,Bouffage Cafe & Bistro,Nagpur,Nagpur,656,4.7,"Cafe, Continental, North Indian"
18748677,The Civil Kitchen,Nagpur,Nagpur,232,4.2,"Chinese, Sandwich, Fast Food, North Indian, Burger, Kebab, Mughlai, Desserts"
3300707,KFC,Nagpur,Nagpur,2101,4.2,"Burger, Fast Food"
3300958,Barbeque Nation,Nagpur,Nagpur,1274,4.9,"North Indian, Chinese, BBQ"
3301605,Roast Cafe,Nagpur,Nagpur,863,4.5,"Cafe, Roast Chicken, Fast Food, Wraps, Rolls, Kebab, Desserts"
18717585,Tanjore - Enter the Deccan,Nagpur,Nagpur,410,4.5,South Indian
3301200,Behrouz Biryani,Nagpur,Nagpur,675,4.1,Biryani
18394440,Uttar Dakshin by Naivedhyam,Nagpur,Nagpur,1340,4.8,"North Indian, South Indian"
3300011,Babbu Hotel,Nagpur,Nagpur,972,4.1,"North Indian, Biryani"
3300058,The Breakfast Story,Nagpur,Nagpur,1081,4.5,Cafe
3301013,Zaikart,Nagpur,Nagpur,1647,4.2,"North Indian, Mughlai, Chinese"
18795312,Juhi's Kitchen,Nagpur,Nagpur,253,4.7,North Indian
18664896,Burger Singh,Nagpur,Nagpur,661,4.1,"Fast Food, Burger"
3301766,Hunger's Den Restaurant & Cafe,Nagpur,Nagpur,563,4.1,"Chinese, Fast Food, North Indian"
18888066,Kiskey Whiskey,Agra,Agra,307,4.5,"North Indian, Continental, Chinese"
3401013,Bhagat Halwai,Agra,Agra,626,4.2,"Fast Food, Mithai"
3400299,Bikanervala,Agra,Agra,640,4.4,"North Indian, South Indian, Mithai, Street Food, Desserts"
3400290,Bhagat Halwai,Agra,Agra,553,4.3,"Desserts, Bakery, Fast Food, South Indian"
3400005,Mama Chicken Mama Franky House,Agra,Agra,893,4.3,"North Indian, Mughlai, Rolls, Chinese, Fast Food, Street Food"
3401344,Cafe Turquoise Cottage,Agra,Agra,292,4.7,"North Indian, Chinese, Continental, Italian, Pizza"
3400296,Honeydew Restaurant,Agra,Agra,484,4.1,"North Indian, Fast Food, Chinese, South Indian"
3400712,The Greener Side,Agra,Agra,408,4.4,Fast Food
18966639,Fakira,Agra,Agra,41,4.0,North Indian
3400275,Domino's Pizza,Agra,Agra,585,3.9,"Pizza, Fast Food"
3400425,Bikanervala,Agra,Agra,447,4.4,"North Indian, South Indian, Mithai, Street Food, Desserts"
3400868,Hichkee,Agra,Agra,581,4.4,"Continental, North Indian, Chinese"
3400850,Urban Deck,Agra,Agra,606,4.3,"Mexican, Italian, North Indian"
3400105,Pizza Hut,Agra,Agra,546,4.0,"Italian, Pizza"
3400279,Mc Donald's,Agra,Agra,644,4.2,"Burger, Fast Food"
3400017,Pinch Of Spice,Agra,Agra,860,4.5,"North Indian, Chinese, Mughlai"
3400282,Aahar,Agra,Agra,368,4.0,"North Indian, South Indian, Chinese, Bakery, Momos"
3400277,Pizza Hut,Agra,Agra,331,3.8,"Italian, Pizza"
3400326,Tea'se Me - Rooftop Tea Boutique,Agra,Agra,673,4.7,"Chinese, Italian, Continental, North Indian"
3400368,Domino's Pizza,Agra,Agra,475,3.8,"Pizza, Fast Food"
3500424,Gaylord Xpress,Dehradun,Dehradun,623,3.9,Fast Food
3500484,Kalsang AMA Cafe,Dehradun,Dehradun,800,4.9,Cafe
3500505,Barbeque Nation,Dehradun,Dehradun,620,4.8,"North Indian, Mediterranean, BBQ, Chinese"
3500218,Uss Da Dhaba,Dehradun,Dehradun,575,4.2,North Indian
3502144,Mannu Fast Food,Dehradun,Dehradun,315,4.3,"Fast Food, North Indian, Chinese"
3501639,70 Percent Restro Cafe,Dehradun,Dehradun,314,4.5,"Cafe, Italian, Continental, Healthy Food, Momos"
3500437,Walk In Woods,Dehradun,Dehradun,405,4.3,"North Indian, Pizza, Chinese, Mughlai"
18391854,Burger King,Dehradun,Dehradun,323,4.1,"Burger, Fast Food"
18754629,Domino's Pizza,Dehradun,Dehradun,393,3.8,"Pizza, Fast Food"
18408585,Punjab Grill,Dehradun,Dehradun,803,4.7,"Mughlai, North Indian"
3500017,Anandam,Dehradun,Dehradun,376,4.2,"Desserts, North Indian, Chinese, South Indian, Fast Food, Street Food"
3500250,Ellora's Melting Moments,Dehradun,Dehradun,309,4.3,"Desserts, Bakery, Fast Food"
3500078,Orchard,Dehradun,Dehradun,748,4.6,"Chinese, Tibetan, Thai, Momos"
3501364,Chicago BR,Dehradun,Dehradun,285,4.1,"North Indian, Fast Food, Pizza, Desserts"
3500193,KC Soup Bar,Dehradun,Dehradun,251,3.9,"Fast Food, Chinese, Tibetan, Momos"
18699236,Tuhada Dhaba,Dehradun,Dehradun,229,4.0,North Indian
3500011,Kalsang Friends Corner,Dehradun,Dehradun,813,4.4,"Chinese, Thai, Tibetan, Momos"
3500969,Cafe De Piccolo,Dehradun,Dehradun,382,4.3,"Cafe, Italian"
18416632,The Great Indian Pub,Dehradun,Dehradun,308,4.4,"North Indian, Italian, Finger Food"
3500010,Black Pepper Restaurant,Dehradun,Dehradun,421,4.1,"North Indian, Chinese, Continental"
3600012,Empire Restaurant,Mysore,Mysore,2028,4.2,"North Indian, Mughlai, South Indian, Chinese, Andhra"
3600375,The Old House,Mysore,Mysore,753,4.7,"Italian, Pizza"
3600017,Gufha Restaurant,Mysore,Mysore,955,4.3,"North Indian, Biryani, Chinese"
3600065,Hotel RRR,Mysore,Mysore,533,4.2,"Biryani, South Indian, Andhra"
3600122,Kafe Biryani Corner,Mysore,Mysore,382,4.3,Biryani
3601144,Kapoor's Cafe,Mysore,Mysore,282,4.3,"North Indian, Desserts, Beverages"
3600119,Big Chicken,Mysore,Mysore,554,4.3,"North Indian, Chinese, Burger, Biryani, Arabian"
3600593,Frosting,Mysore,Mysore,374,4.5,"Italian, Continental, Burger"
3600817,Etihad Arabian Restaurant,Mysore,Mysore,314,4.1,"Arabian, Biryani"
3600352,Barbeque Nation,Mysore,Mysore,812,4.6,"North Indian, European, Mediterranean"
3600389,Highway 18,Mysore,Mysore,357,4.0,"South Indian, North Indian, Chinese, Desserts, Beverages"
3600018,KFC,Mysore,Mysore,483,3.9,"Burger, Fast Food"
3600013,Green Leaf,Mysore,Mysore,474,4.0,"North Indian, Chinese, South Indian, Bakery"
3600192,Spring - Radisson Blu Plaza,Mysore,Mysore,284,4.4,"Continental, North Indian, South Indian"
3600015,Original Vinayaka Mylari,Mysore,Mysore,814,4.8,South Indian
3600148,Andhra Ruchulu,Mysore,Mysore,409,4.1,"Biryani, Desserts"
3600265,Jalpaan Dining Saga,Mysore,Mysore,437,4.3,"Italian, North Indian, Chinese"
3600252,Hotel RRR Mysore,Mysore,Mysore,528,4.1,Andhra
3600072,Nanking,Mysore,Mysore,482,4.2,"Chinese, Momos, Thai"
3600403,Hotel Hanumanthu,Mysore,Mysore,449,4.2,"Biryani, South Indian"
3700054,Cafe Xtasi,Puducherry,Puducherry,2617,3.9,"Italian, Pizza"
3700051,Cafe des Arts,Puducherry,Puducherry,818,3.9,Cafe
3700050,Baker Street,Puducherry,Puducherry,1548,4.4,"Bakery, French"
3700770,Escape In,Puducherry,Puducherry,725,4.1,"North Indian, Continental, Chinese, Arabian, BBQ, Beverages, Desserts, Ice Cream"
3700021,The Indian Kaffe Express,Puducherry,Puducherry,877,4.2,"Cafe, North Indian"
3701200,Les Saveurs,Puducherry,Puducherry,184,4.3,"French, European"
18378803,#Dilliwaala6,Puducherry,Puducherry,975,4.3,"Street Food, Continental, North Indian, Chinese, Salad, Finger Food"
3700049,Villa Shanti,Puducherry,Puducherry,1096,4.4,Continental
3700041,Zuka,Puducherry,Puducherry,1019,4.6,"Desserts, Bakery"
3701130,PY Cafe,Puducherry,Puducherry,201,4.2,"Salad, Cafe, Sandwich, Italian, Juices, Desserts"
3700572,Bread & Chocolate,Puducherry,Puducherry,378,4.7,"Bakery, Cafe, Healthy Food"
3700649,Taka Pizza,Puducherry,Puducherry,888,4.3,"Italian, Pizza"
3700069,Le Cafe,Puducherry,Puducherry,1436,3.3,Cafe
3700010,Auroville Bakery,Puducherry,Puducherry,431,4.2,Bakery
3700656,Margaritas,Puducherry,Puducherry,960,4.4,"Mexican, Continental, American, Desserts, Finger Food, Ice Cream, Juices, Salad"
3700037,Le Dupleix,Puducherry,Puducherry,846,4.2,"North Indian, French, Continental"
3700017,The Pasta Bar Veneto,Puducherry,Puducherry,623,4.0,"Healthy Food, Continental, Italian, Sandwich, Salad"
3700723,SICILYS,Puducherry,Puducherry,312,4.0,"Italian, Cafe, Burger, Pizza, Beverages"
3700047,Surguru,Puducherry,Puducherry,484,4.1,"South Indian, North Indian, Chinese"
3700009,Tanto,Puducherry,Puducherry,879,4.2,"Pizza, Italian"
3800420,Mahalakshmi,Surat,Surat,1229,4.6,"Fast Food, Juices"
18744566,Burger King,Surat,Surat,563,4.0,"Burger, Fast Food"
3800007,Barbeque Nation,Surat,Surat,622,4.7,"North Indian, European, Mediterranean"
3800321,Coffee King,Surat,Surat,755,4.6,"Cafe, Pizza, Italian, Fast Food, Chinese, Beverages, Desserts"
18589557,Vegji's,Surat,Surat,429,4.2,"Fast Food, Sandwich, Lebanese"
19003551,Icekraft,Surat,Surat,59,4.3,"Ice Cream, Desserts, Fast Food"
3800583,Kailash Sweets & Snacks,Surat,Surat,385,4.2,"Mithai, Street Food, Beverages"
3800696,Kailash Sweet & Snacks,Surat,Surat,399,4.4,"Street Food, Mithai, Beverages"
3800313,Bhai Bhai Omelette Center,Surat,Surat,594,4.6,Fast Food
18760674,Sarvottam Hotel,Surat,Surat,382,4.1,"North Indian, Chinese"
18551944,Coffee King,Surat,Surat,989,4.7,"Cafe, Desserts, Fast Food"
3800068,Jalaram Khichadi,Surat,Surat,261,4.1,"Gujarati, North Indian, Biryani, Beverages"
3800390,Singh Saaab Di Rasoi,Surat,Surat,380,4.3,"North Indian, Chinese, Biryani, Desserts, Beverages"
18349362,Harikrushna Restaurant,Surat,Surat,266,4.3,"Gujarati, North Indian, Biryani, Beverages"
18778476,Bismillah,Surat,Surat,197,4.2,"Beverages, North Indian"
18783529,Kailash Sweets & Snacks,Surat,Surat,275,4.3,"Mithai, Street Food, Beverages"
3800537,Mahesh Pav Bhaji,Surat,Surat,424,3.9,"South Indian, Street Food, Chinese, Desserts, Beverages"
3800017,Pizza Hut,Surat,Surat,598,4.0,"Pizza, Fast Food, Italian"
3800293,Kailash Sweets & Snacks,Surat,Surat,343,4.3,"Mithai, Street Food, Beverages"
3800690,Bismillah,Surat,Surat,366,4.4,"Beverages, North Indian"
3900223,Sha Chicken Hut,Varanasi,Varanasi,804,4.4,"Lucknowi, Mughlai"
18803653,KFC,Varanasi,Varanasi,462,4.5,"Burger, Fast Food"
3900067,Taste King,Varanasi,Varanasi,601,4.3,"North Indian, Fast Food"
18610032,Crood Square,Varanasi,Varanasi,249,4.3,"North Indian, Continental, Italian, Chinese, Desserts"
3900057,Ming Garden,Varanasi,Varanasi,735,4.3,"Beverages, Desserts, Pizza, Chinese"
3900045,Domino's Pizza,Varanasi,Varanasi,721,3.8,"Pizza, Fast Food"
3900253,Sagar Ratna,Varanasi,Varanasi,211,3.9,South Indian
3900267,Roma's Café Diner,Varanasi,Varanasi,877,4.6,"Continental, Cafe, North Indian, Italian, Asian, Mediterranean, Mexican"
18689916,The Yellow Chilli,Varanasi,Varanasi,108,4.4,"North Indian, Mughlai"
3900245,Deena Chat Bhandar,Varanasi,Varanasi,446,4.6,Street Food
18652184,Doodh Booth,Varanasi,Varanasi,427,4.0,"Burger, Beverages, Fast Food, Cafe, Italian"
3900135,Maharaja Restaurant,Varanasi,Varanasi,358,4.0,"Chinese, Rolls"
18787962,Cafe de Coop,Varanasi,Varanasi,140,4.2,Fast Food
3900032,Kashi Chat Bhandar,Varanasi,Varanasi,735,4.8,Street Food
3900455,The Tripling Bistro,Varanasi,Varanasi,316,4.1,"Continental, Mexican, Burger, Fast Food, Italian, Pizza, Chinese, Middle Eastern"
3900037,Pizza Hut,Varanasi,Varanasi,444,3.9,"Italian, Pizza"
3900138,McDonald's,Varanasi,Varanasi,414,4.1,"Burger, Fast Food"
3900266,Holy Chopsticks,Varanasi,Varanasi,445,4.5,"Chinese, Thai, Momos"
18676368,Barbeque Nation,Varanasi,Varanasi,370,4.9,"North Indian, Chinese, BBQ"
3900043,Domino's Pizza,Varanasi,Varanasi,452,3.9,"Pizza, Fast Food"
4000412,Aasman,Patna,Patna,846,4.8,"North Indian, Continental, Chinese"
18640853,Foresto Paradise,Patna,Patna,593,4.7,"North Indian, Chinese, Continental"
4000320,Haldiram,Patna,Patna,833,4.5,"Fast Food, North Indian, South Indian, Chinese, Desserts"
4000265,Harilal's,Patna,Patna,416,4.5,"North Indian, Fast Food, Mithai"
18343124,Swaaddesh,Patna,Patna,703,4.4,"North Indian, Chinese, Beverages"
4000274,KFC,Patna,Patna,698,4.3,"Burger, Fast Food"
18746152,Hungry Hope,Patna,Patna,522,3.6,"North Indian, Chinese"
4000009,Domino's Pizza,Patna,Patna,1216,4.0,"Pizza, Fast Food"
4000289,The Biryani Mall,Patna,Patna,855,4.0,"Biryani, Mughlai, Chinese"
18625991,Barbeque Nation,Patna,Patna,633,4.9,"North Indian, Chinese"
4000018,Kapil Dev's Eleven,Patna,Patna,376,4.4,"North Indian, Chinese, Continental"
4000016,Bansi Vihar Restaurant,Patna,Patna,444,4.4,"South Indian, Chinese"
18573326,Biryani Mahal,Patna,Patna,752,4.1,"Biryani, Mughlai"
18705092,Harilal's,Patna,Patna,557,4.2,"Mithai, Fast Food"
18706220,Zaaffran,Patna,Patna,393,4.4,"North Indian, Fast Food"
4000336,Pizza Hut,Patna,Patna,431,2.5,"Pizza, Italian"
4000015,Nirvana,Patna,Patna,432,4.3,"North Indian, Chinese"
4000053,Biryani House,Patna,Patna,734,4.0,"Biryani, Mughlai"
18616231,Chaska The Addiction,Patna,Patna,528,3.9,"North Indian, Mughlai, Chinese, Biryani"
4000049,Lakhu Da Dhaba,Patna,Patna,459,3.9,"North Indian, Chinese"
18560275,Barbeque Nation,Dubai,Dubai,1212,4.6,"Indian, BBQ, Continental"
18534988,Masala Wok,Dubai,Dubai,1100,4.3,"Indian, Chinese, Kebab"
210139,Grub Shack,Dubai,Dubai,1735,4.4,"Goan, Chinese, Indian, North Indian"
201693,Dhaba Lane,Dubai,Dubai,1233,4.4,"Indian, North Indian, Kebab"
209723,Azkadenya,Dubai,Dubai,660,4.3,"Arabian, Lebanese"
18621395,Highway 311 Grills and Eatery,Dubai,Dubai,458,4.5,"Mexican, Peruvian, Latin American"
207770,Mint Leaf of London,Dubai,Dubai,2092,4.9,"Indian, North Indian, Contemporary"
209748,Kulcha King,Dubai,Dubai,1157,4.1,"Indian, Biryani, Kebab, North Indian"
205432,Old Castello Restaurant & Cafe,Dubai,Dubai,525,4.4,"Indian, Arabian, Middle Eastern, Italian, Pizza"
18549283,Sthan,Dubai,Dubai,1591,4.2,"Biryani, North Indian, Pakistani, Mughlai, Afghan, Indian, Kebab"
200376,California Pizza Kitchen,Dubai,Dubai,1244,4.2,"Pizza, American"
203518,The Huddle Sports Bar and Grill - Citymax Hotels Bur Dubai,Dubai,Dubai,1492,4.9,"Steak, Continental, North Indian"
18233284,Farzi Cafe,Dubai,Dubai,2095,4.6,"Indian, Contemporary"
18604803,Dillicious,Dubai,Dubai,900,4.0,"Indian, Mughlai, North Indian, Kebab"
18650045,Tamarind Terrace,Dubai,Dubai,875,4.0,"Kerala, South Indian, Indian"
18820043,Biryaniwalla & Co,Dubai,Dubai,535,3.9,"Biryani, Hyderabadi, North Indian"
210370,Texas De Brazil,Dubai,Dubai,1301,4.8,Brazilian
18259525,Real Momos,Dubai,Dubai,885,3.7,"Chinese, Asian, Street Food"
209654,Rasoi Ghar,Dubai,Dubai,2600,4.6,"Indian, Gujarati, Rajasthani"
200377,California Pizza Kitchen,Dubai,Dubai,1198,4.3,"Pizza, American"
18485435,The Curry Culture,Singapore,Singapore,80,4.9,"Continental, Indian, Asian"
18483420,Burnt Ends,Singapore,Singapore,37,4.7,"American, European, Australian, Steak"
18482848,Singapore Zam Zam Restaurant,Singapore,Singapore,75,4.7,"South Indian, Singaporean, Middle Eastern, Indian"
18496115,Komala Vilas Restaurant,Singapore,Singapore,100,4.7,"Indian, North Indian, South Indian"
18482886,Corner House,Singapore,Singapore,25,4.9,"Continental, French"
18484349,Cut By Wolfgang Puck,Singapore,Singapore,52,4.9,"American, Steak"
18483222,Jaan,Singapore,Singapore,30,4.7,French
18484299,Melt Cafe,Singapore,Singapore,31,4.8,"Singaporean, European, Seafood, Indian, Japanese, Continental"
18483051,Summer Pavilion,Singapore,Singapore,28,4.8,"Chinese, Seafood, Cantonese, Dim Sum"
18483372,Sky On 57,Singapore,Singapore,32,4.8,"Chinese, Continental, Singaporean"
18483595,Edge,Singapore,Singapore,19,4.5,"Chinese, Thai, Japanese, Italian"
18485564,Wild Honey,Singapore,Singapore,72,4.9,"European, Spanish, American, Cafe"
18485572,Carousel,Singapore,Singapore,25,4.6,"Mediterranean, Asian, Japanese, Sushi, Seafood, French"
18483714,Fratini La Trattoria,Singapore,Singapore,21,4.8,Italian
18483374,My Awesome Cafe,Singapore,Singapore,23,4.9,"Continental, European"
18483658,Basilico,Singapore,Singapore,25,4.8,Italian
18484464,Colony,Singapore,Singapore,45,4.9,"Asian, Continental, Seafood, Bakery"
18483362,Adrift By David Myers,Singapore,Singapore,20,4.6,"American, Asian, Continental, Fusion"
18493989,Makansutra Gluttons Bay,Singapore,Singapore,41,4.7,"Singaporean, Chinese, Seafood, Malay, Indian"
18494038,Peach Blossoms,Singapore,Singapore,13,4.0,"Singaporean, Chinese, Dim Sum, Healthy Food, Seafood, Cantonese"
5603572,Ushna,Sharjah,Sharjah,166,4.4,"Indian, North Indian"
5601340,Aroos Damascus,Sharjah,Sharjah,1036,4.4,"Arabian, Middle Eastern"
5600642,Katis Restaurant,Sharjah,Sharjah,644,4.1,"North Indian, Chinese, Hyderabadi"
5604236,Malabar Regency,Sharjah,Sharjah,182,3.7,"Indian, Arabian, Middle Eastern"
5602586,Saffron,Sharjah,Sharjah,732,4.1,"Pakistani, Chinese, Indian, Afghan"
18386634,Momo House,Sharjah,Sharjah,877,4.6,"Chinese, Indian, Nepalese"
5603322,Khanji,Sharjah,Sharjah,475,3.9,"Pakistani, Indian, Chinese"
5603447,Eat Route,Sharjah,Sharjah,574,4.6,"Fast Food, Burger, American"
5602215,Makani Restaurant,Sharjah,Sharjah,651,4.5,"Indian, North Indian, Mughlai"
5600103,Najmat Lahore Restaurant,Sharjah,Sharjah,1158,4.1,"Pakistani, Indian, Mughlai, Desserts"
5602106,Papa Murphy's Pizza,Sharjah,Sharjah,486,4.1,"Pizza, Italian"
5601628,Laffah Cafeteria - كافتيريا لفاح,Sharjah,Sharjah,737,4.6,"Fast Food, Arabian, Middle Eastern"
18268134,Zaroob,Sharjah,Sharjah,297,4.1,Lebanese
5600959,Nayaab Haandi,Sharjah,Sharjah,970,4.3,"Pakistani, Indian"
5603697,Al Miqat,Sharjah,Sharjah,186,4.2,"Indian, Seafood, Pakistani, Grill"
5601952,Delhi Nihari Restaurant,Sharjah,Sharjah,613,3.7,"Mughlai, Indian, Pakistani"
5601723,The Pizza Company,Sharjah,Sharjah,727,4.4,Pizza
5600556,TGI Fridays,Sharjah,Sharjah,582,4.0,"American, Mexican"
5601606,Shakespeare and Co. - شكسبير اند كو,Sharjah,Sharjah,378,4.6,"Cafe, Bakery"
5604675,Molten Chocolate Cafe,Sharjah,Sharjah,116,4.9,Cafe
5701885,Max's Restaurant,Abu Dhabi,Abu Dhabi,1625,4.9,Filipino
18403563,Texas de Brazil,Abu Dhabi,Abu Dhabi,541,4.9,Brazilian
5702615,Via Delhi,Abu Dhabi,Abu Dhabi,1148,4.3,"Indian, North Indian, Chinese"
18340151,Famous Dave's Barbecue,Abu Dhabi,Abu Dhabi,458,4.6,"Burger, American, Steak"
5702148,Nando's,Abu Dhabi,Abu Dhabi,684,4.2,"Portuguese, African"
18431870,Parivar Restaurant,Abu Dhabi,Abu Dhabi,601,4.1,"Indian, Pakistani"
5702574,The Cheesecake Factory,Abu Dhabi,Abu Dhabi,974,4.7,"American, Desserts, Salad"
5701978,Pizza Di Rocco,Abu Dhabi,Abu Dhabi,972,4.7,"Italian, Pizza"
5702150,Papa Murphy's Pizza- World Trade Center Mall,Abu Dhabi,Abu Dhabi,779,3.9,Pizza
5704255,Famous Dave's Barbecue,Abu Dhabi,Abu Dhabi,798,4.6,"Burger, American, Steak"
5700119,India Palace,Abu Dhabi,Abu Dhabi,546,4.0,"North Indian, Mughlai, Biryani, Indian"
5701025,India Palace,Abu Dhabi,Abu Dhabi,481,4.4,"North Indian, Mughlai, Biryani, Indian"
5704202,Hot Palayok,Abu Dhabi,Abu Dhabi,829,4.5,Filipino
18493509,MYNT Indian Cuisine,Abu Dhabi,Abu Dhabi,411,4.5,Indian
18212135,Denny's,Abu Dhabi,Abu Dhabi,762,4.6,American
5701442,Peppermill,Abu Dhabi,Abu Dhabi,633,4.3,"Indian, North Indian, Mughlai, Biryani"
5702990,Jazz@PizzaExpress,Abu Dhabi,Abu Dhabi,1374,4.8,"Italian, Pizza, Salad"
18277098,Ming's Chamber,Abu Dhabi,Abu Dhabi,657,4.8,Asian
5702486,Ghee Rice,Abu Dhabi,Abu Dhabi,693,3.9,"Indian, Kerala, Biryani"
18340175,The Yellow Chilli by Sanjeev Kapoor,Abu Dhabi,Abu Dhabi,670,4.3,"Indian, North Indian"
5800678,Harbour Court - The Kingsbury,Colombo,Colombo,174,4.4,"Italian, Seafood, Desserts"
5801085,Tea Avenue,Colombo,Colombo,335,4.5,Cafe
5800240,The Gallery Cafe,Colombo,Colombo,242,4.7,"Sri Lankan, Italian, Seafood, Desserts"
5800710,The Manhattan Fish Market,Colombo,Colombo,285,4.3,"Seafood, Italian"
5800224,Sugar Bistro and Wine Bar,Colombo,Colombo,172,4.4,"Cafe, American, Continental"
5800746,T.G.I. Friday's,Colombo,Colombo,233,4.3,"American, Steak"
5800011,The Bavarian,Colombo,Colombo,211,4.6,German
5800707,The Barnesbury,Colombo,Colombo,291,4.2,"American, Italian, Cafe"
5800646,Coco Veranda,Colombo,Colombo,181,4.2,"American, Cafe"
5800066,Java Lounge,Colombo,Colombo,141,4.1,"Cafe, Italian, Fast Food"
5800634,Elite Indian Restaurant,Colombo,Colombo,315,2.6,"North Indian, Chinese, Sri Lankan"
5800180,Cafe On The 5th,Colombo,Colombo,224,4.0,Sri Lankan
5800947,The English Cake Company - The Cakery,Colombo,Colombo,114,4.1,"Desserts, Bakery"
5801131,Indian Summer,Colombo,Colombo,187,4.3,"Indian, Chinese"
5800590,The Commons,Colombo,Colombo,303,4.2,"Cafe, Sri Lankan, Continental, American"
5800536,The Mango Tree,Colombo,Colombo,167,3.9,"North Indian, Mughlai"
5800891,The Paddington,Colombo,Colombo,136,3.8,"Cafe, Italian"
5800289,The Coffee Bean & Tea Leaf,Colombo,Colombo,161,4.2,Cafe
5800755,Upali's,Colombo,Colombo,211,4.3,Sri Lankan
5800612,Burger's King,Colombo,Colombo,237,4.0,Fast Food
18286221,Sarıhan,İstanbul,İstanbul,500,4.4,"Giblets, Izgara, Home-made"
5915530,Nusr-Et Steakhouse,İstanbul,İstanbul,1990,4.6,Steak
18264711,Ercan Steakhouse,İstanbul,İstanbul,503,4.1,Steak
5926083,Joker No:19,İstanbul,İstanbul,925,4.4,"Bar Food, Restaurant Cafe"
18453909,Asuman,İstanbul,İstanbul,861,4.6,Desserts
18140481,Mendel's,İstanbul,İstanbul,1424,4.7,"Desserts, Cafe"
5916219,Biber Burger,İstanbul,İstanbul,1580,4.6,Burger
5916870,Kukis,İstanbul,İstanbul,899,4.9,"Patisserie, Cafe, Turkish"
5902117,Valonia,İstanbul,İstanbul,1871,4.3,"Restaurant Cafe, Desserts"
5915409,Eleos Restaurant,İstanbul,İstanbul,1154,4.9,"Greek, Fresh Fish, Old Turkish Bars"
5906444,Tarihi Viktor Levi Şarap Evi,İstanbul,İstanbul,1177,4.6,World Cuisine
5915054,Baltazar,İstanbul,İstanbul,2015,4.2,"Burger, Izgara"
5913508,Katibim,İstanbul,İstanbul,1141,4.2,"Restaurant Cafe, Kebab, Turkish Pizza"
18140482,BeerHall,İstanbul,İstanbul,1108,4.1,"Finger Food, American"
18384475,Happy Moon's,İstanbul,İstanbul,503,4.4,World Cuisine
5908749,Ceviz Ağacı,İstanbul,İstanbul,1693,4.3,"World Cuisine, Patisserie, Cafe"
5906931,My Chef,İstanbul,İstanbul,1252,4.4,"World Cuisine, Cafe"
5904851,Limonlu Bahçe,İstanbul,İstanbul,1645,4.5,Restaurant Cafe
18089353,Mükellef,İstanbul,İstanbul,946,4.4,"Old Turkish Bars, Turkish"
5923535,Boon Cafe & Restaurant,İstanbul,İstanbul,1160,4.2,Restaurant Cafe
6000482,Mersinli Ciğerci Apo,Ankara,Ankara,360,4.5,"Izgara, Giblets, Kebab"
6001317,Cafe Des Cafes,Ankara,Ankara,237,4.7,"Cafe, World Cuisine"
6005865,The Italian Cut Pizza & Kitchen,Ankara,Ankara,261,4.6,Pizza
6000447,Masabaşı Kebapçısı,Ankara,Ankara,360,4.6,"Kebab, Turkish Pizza"
6000168,Hattena Hatay  Sofrası,Ankara,Ankara,343,4.8,Kebab
6002297,Trilye,Ankara,Ankara,186,4.9,"Fresh Fish, Seafood"
6000871,Çukurağa Sofrası,Ankara,Ankara,450,4.5,"Kebab, Izgara"
6003858,Quick China,Ankara,Ankara,107,4.5,"Chinese, Thai, Sushi, Japanese, Asian"
6004408,Turta Home Cafe,Ankara,Ankara,256,4.4,"Cafe, Desserts"
6000185,La Gioia Cafe Brasserie,Ankara,Ankara,154,4.7,"Italian, European"
6001980,Timboo Cafe,Ankara,Ankara,234,4.3,Cafe
6001545,Cafe Botanica,Ankara,Ankara,227,4.5,"Restaurant Cafe, Cafe"
6000409,Cafemiz,Ankara,Ankara,199,4.5,"World Cuisine, Mexican, Italian"
6002025,Masabaşı,Ankara,Ankara,248,4.4,"Kebab, Turkish Pizza"
6001748,Meşhur Özçelik Aspava,Ankara,Ankara,222,4.7,"Kebab, Turkish Pizza"
6005539,Zaytung Zone,Ankara,Ankara,151,3.9,Restaurant Cafe
6000019,Nusr-Et Steakhouse,Ankara,Ankara,229,4.4,Steak
6000921,Düveroğlu,Ankara,Ankara,242,4.3,"Kebab, Desserts, Turkish Pizza"
6007004,Müslüm Kebap,Ankara,Ankara,178,4.6,Kebab
6000549,Meşhur Tavacı Recep Usta,Ankara,Ankara,299,4.6,Kebab
6114829,Duck & Waffle,London,London,834,4.9,British
6107336,Sushi Samba,London,London,484,4.9,"Japanese, Sushi, Brazilian, Peruvian"
6113857,sketch Gallery,London,London,211,4.8,"British, Contemporary"
6104220,Roti Chai,London,London,365,4.7,"Indian, Street Food"
6103211,Dishoom,London,London,1023,4.9,"Indian, North Indian, Curry, Cafe"
6104649,Honest Burgers,London,London,368,4.6,Burger
6100054,Masala Zone,London,London,313,4.5,"Indian, Curry"
6104639,Bob Bob Ricard,London,London,387,4.8,"British, Russian"
6107493,Tayyabs,London,London,759,4.5,"North Indian, Indian, Pakistani, Curry"
6117859,Shake Shack,London,London,541,4.2,"American, Burger"
6113835,Dinner By Heston Blumenthal - Mandarin Oriental Hyde Park,London,London,595,4.9,British
6105938,Patty & Bun,London,London,496,4.8,"Burger, British"
6102622,Burger & Lobster,London,London,450,4.8,"American, Seafood, Burger"
6116783,Aqua Shard,London,London,238,4.4,British
6102866,Hakkasan,London,London,425,4.9,"Chinese, Dim Sum"
6112889,MEATliquor,London,London,614,4.6,"American, Burger"
6116563,Chotto Matte,London,London,361,4.9,"Japanese, Peruvian, Sushi"
6103922,Dishoom,London,London,336,4.7,"Indian, Cafe, Curry"
6100354,Busaba Eathai,London,London,499,4.6,"Thai, Curry"
6103902,Yauatcha,London,London,805,4.8,"Chinese, Dim Sum"
18455788,Zaitoon Restaurant & Grills,Doha,Doha,925,4.4,"Indian, Chinese, Arabian, Fast Food, Kebab, Middle Eastern"
6202987,Max's Restaurant,Doha,Doha,452,4.8,Filipino
18397873,Hasan Kolcuoğlu,Doha,Doha,1156,4.8,Turkish
18425886,Hasan Kolcuoğlu,Doha,Doha,591,4.4,Turkish
18318801,Roti & Boti,Doha,Doha,1361,4.1,Indian
18187643,Max's Restaurant,Doha,Doha,450,4.9,Filipino
18722599,Kairali Al Tanoor,Doha,Doha,319,4.2,"North Indian, Kerala, Chinese, Mangalorean, Continental, Indian, Seafood, South Indian"
18107765,Zaffran Dining Experience,Doha,Doha,685,4.5,Indian
6200733,Carluccio's - كارلوتشيوز,Doha,Doha,424,4.2,Italian
18439782,Carluccio's - كارلوتشيوز,Doha,Doha,381,4.7,Italian
6201346,Zaffran Café,Doha,Doha,487,4.4,"Indian, Street Food, Desserts"
6201334,Chi'Zen - تشي زين,Doha,Doha,345,4.5,"Chinese, Asian"
6200166,Wok of Fame,Doha,Doha,978,4.5,"Arabian, Asian, Continental"
6201309,MRA Bakery Sweets & Restaurant,Doha,Doha,631,4.0,"Kerala, Indian, Chinese, Bakery, South Indian, North Indian, Desserts"
6200383,Applebee's - ابل بيز,Doha,Doha,424,4.3,"American, Tex-Mex, Burger"
6200110,Aalishan,Doha,Doha,464,4.0,"North Indian, Chinese, Turkish"
18626843,Desi Dhaba Restaurant ,Doha,Doha,561,4.2,"North Indian, Chinese"
6201323,Yee Hwa,Doha,Doha,479,4.6,"Korean, Japanese, Sushi"
6200412,Turkey Central Restaurant - مطعم تركيا المركزي,Doha,Doha,743,4.5,Turkish
6201976,Indian Coffee House,Doha,Doha,608,3.8,Indian
18451647,Soru Izakaya,Quezon City,Quezon City,878,4.6,Japanese
18245912,Sunnies Cafe,Taguig City,Taguig City,546,4.2,Coffee
6310488,Saboten,Taguig City,Taguig City,637,4.8,"Japanese, Asian"
18506282,Sibyullee,Pasig City,Pasig City,645,4.7,Korean
18684182,Soru Izakaya,Taguig City,Taguig City,544,4.5,Japanese
18641526,PizzaExpress,Taguig City,Taguig City,268,4.8,"Pizza, Italian"
6318945,Nikkei,Makati City,Makati City,394,4.6,"Japanese, Latin American"
6316125,Mendokoro Ramenba,Makati City,Makati City,1832,4.9,"Japanese, Ramen"
6313941,Chelsea Kitchen,Mandaluyong City,Mandaluyong City,598,4.1,"European, Desserts"
18695427,Mendokoro Ramenba,Taguig City,Taguig City,490,4.9,"Japanese, Ramen"
18278135,Sunnies Cafe,Mandaluyong City,Mandaluyong City,326,3.9,Coffee
18594729,Nikkei,Mandaluyong City,Mandaluyong City,312,4.8,"Japanese, Latin American"
6304287,Izakaya Kikufuji,Makati City,Makati City,1293,4.6,Japanese
18409457,Soban K-Town Grill,Makati City,Makati City,935,4.7,"Korean, Grill"
6318506,Ooma,Mandaluyong City,Mandaluyong City,1167,4.9,"Japanese, Sushi"
18376891,Single Origin,Makati City,Makati City,273,4.4,"Coffee, American, European"
6314147,Va Bene Pasta Deli,Taguig City,Taguig City,352,4.5,"European, Italian"
6316532,Mama Lou's Italian Kitchen,Quezon City,Quezon City,631,4.5,Italian
6300010,Spiral - Sofitel Philippine Plaza Manila,Pasay City,Pasay City,1228,4.9,"European, Asian, Indian"
18643656,Nomi - Modern Japanese Cafe,Taguig City,Taguig City,287,4.3,"Coffee, Japanese"
6403544,Jarryds,Cape Town,Cape Town,535,4.8,"Cafe, Burger"
6400918,Cape to Cuba,Cape Town,Cape Town,215,3.7,Cuban
6400217,Willoughby & Co.,Cape Town,Cape Town,633,4.6,"Seafood, Japanese, Sushi"
6401789,tashas,Cape Town,Cape Town,476,4.3,"Cafe, Mediterranean"
6403030,La Colombe,Cape Town,Cape Town,175,4.9,"French, Asian"
6400304,Eastern Food Bazaar,Cape Town,Cape Town,436,4.0,"Asian, Indian"
6401054,Kloof Street House,Cape Town,Cape Town,519,4.7,Mediterranean
6400078,Nuri Sushi Factory,Cape Town,Cape Town,472,4.2,"Japanese, Sushi"
6402904,The Larder,Cape Town,Cape Town,180,4.2,"Cafe, Deli, Bakery, Burger, Desserts, Healthy Food, Juices"
6402177,Salushi,Cape Town,Cape Town,314,4.2,"Japanese, Sushi, Asian"
18337822,Burger & Lobster,Cape Town,Cape Town,281,4.5,"Seafood, Burger"
6400191,Beluga,Cape Town,Cape Town,705,4.1,"Seafood, Asian, Grill, Sushi"
6400392,The Cousins Trattoria,Cape Town,Cape Town,204,4.7,Italian
6400175,The Fat Cactus,Cape Town,Cape Town,434,4.2,"Mexican, Finger Food, Tex-Mex"
6400097,Balducci,Cape Town,Cape Town,266,4.0,"Italian, Sushi, Pizza"
18337855,Three Wise Monkeys,Cape Town,Cape Town,134,4.1,"Japanese, Asian"
6400176,Sevruga,Cape Town,Cape Town,560,4.2,"Seafood, Grill, Japanese, Asian, Sushi"
6401314,The Potluck Club,Cape Town,Cape Town,428,4.9,"European, Contemporary"
6400212,Meloncino,Cape Town,Cape Town,185,3.9,"Italian, Pizza"
6401060,Jason Bakery,Cape Town,Cape Town,347,4.4,"Cafe, Bakery"
6502134,The Whippet,Randburg,Randburg,822,4.6,Cafe
18767581,Saint,Sandton,Sandton,173,3.9,Italian
6517396,Momo Baohaus,Johannesburg,Johannesburg,542,4.6,"Asian, Sushi, Tapas"
18204217,Gemelli Cucina Bar,Sandton,Sandton,993,4.9,"Contemporary, Italian"
6517568,Jamie's Italian,Sandton,Sandton,711,4.2,Italian
6502688,Craft,Johannesburg,Johannesburg,1462,4.2,"European, Pizza"
6517281,Pablo Eggs-Go-Bar,Johannesburg,Johannesburg,412,4.5,"Cafe, Contemporary, Beverages, Burger, Desserts, Juices, Grill, African"
6516831,The Big Mouth,Sandton,Sandton,731,4.6,"Grill, Steak, Burger, Sushi, Tapas"
6517298,Kream,Midrand,Midrand,363,4.6,"South African, Contemporary, Sushi, International, African, French"
6501030,The Foundry,Johannesburg,Johannesburg,852,4.4,"Contemporary, Burger, Pizza"
6515339,Cafe Del Sol Botanico,Sandton,Sandton,656,4.7,"Italian, Pizza, Beverages, Desserts, Grill, Seafood"
6500789,The Green Peppercorn,Sandton,Sandton,735,4.4,"African, Mediterranean, Contemporary"
6515130,Hudsons,Johannesburg,Johannesburg,1098,4.2,"Burger, Finger Food, Pizza"
6501265,Dukes Burgers,Johannesburg,Johannesburg,952,4.5,Burger
6502130,Coobs,Johannesburg,Johannesburg,550,4.4,"Cafe, European, Continental"
6501365,Wombles,Sandton,Sandton,648,4.8,"Steak, Beverages, Desserts, Grill, Seafood"
6502041,KCC La Vie En Rose,Johannesburg,Johannesburg,681,4.3,"Contemporary, Cafe"
6500359,JB's Corner,Sandton,Sandton,557,4.1,"Italian, American, Sushi, Pizza"
6501169,Walnut Grove,Sandton,Sandton,617,4.2,"Cafe, Continental"
6501055,DW Eleven-13,Sandton,Sandton,635,4.9,European
6600440,Nau,Brasília,Brasília,9,3.9,Seafood
6601218,New Koto,Brasília,Brasília,9,4.1,Japanese
6601862,Taypá,Brasília,Brasília,11,4.0,"Peruvian, Latin American"
6601589,Coco Bambu,Brasília,Brasília,19,4.3,International
6601457,Brazilian American Burgers,Brasília,Brasília,11,3.9,"American, Burger"
6600214,Beirute,Brasília,Brasília,9,3.8,Arabian
6601549,It Speed Lunch,Brasília,Brasília,8,3.7,"Grill, Brazilian"
6601602,Taco Pep,Brasília,Brasília,31,4.5,"Mexican, Grill"
6600754,Carcassone,Brasília,Brasília,3,0.0,Bar Food
6600083,Villa Tevere,Brasília,Brasília,14,4.2,Italian
6600611,Fred,Brasília,Brasília,6,3.7,German
6601595,Outback Steakhouse,Brasília,Brasília,12,4.3,"American, Grill"
6600542,Avenida Paulista,Brasília,Brasília,0,0.0,"Italian, Pizza"
6601145,Bierfass Pontão,Brasília,Brasília,11,3.7,"Brazilian, Seafood"
6600879,Babel,Brasília,Brasília,5,2.8,Healthy Food
6600379,Sushi Loko,Brasília,Brasília,12,2.9,Japanese
6601158,Manzuá,Brasília,Brasília,7,3.4,Seafood
6600963,La Chaumière,Brasília,Brasília,4,3.3,French
6601005,Café Daniel Briand,Brasília,Brasília,12,3.9,Cafe
6600116,Gero,Brasília,Brasília,9,3.5,Italian
6703405,Porque Sim,São Paulo,São Paulo,20,4.3,"Japanese, Sushi"
6709740,Mocotó,São Paulo,São Paulo,30,4.8,"Brazilian, North Eastern"
6700992,La Tambouille,São Paulo,São Paulo,5,4.0,"French, Italian, Brazilian"
6712911,Coco Bambú,São Paulo,São Paulo,39,4.4,Seafood
6701071,Z Deli Sandwich Shop,São Paulo,São Paulo,35,4.9,"Burger, Sandwich"
6711666,Kinoshita,São Paulo,São Paulo,11,4.2,Sushi
6712917,Coco Bambú,São Paulo,São Paulo,24,4.0,Seafood
6709580,Esquina Mocotó,São Paulo,São Paulo,21,4.5,"Brazilian, North Eastern"
6713772,Sainte Marie Gastronomia,São Paulo,São Paulo,15,4.3,"Lebanese, Arabian"
6715930,Tanit,São Paulo,São Paulo,5,3.4,"Spanish, Tapas"
6701853,Vicolo Nostro,São Paulo,São Paulo,6,3.8,Italian
6715715,A Casa do Porco,São Paulo,São Paulo,17,4.3,Bar Food
6700410,Tatini,São Paulo,São Paulo,3,3.7,Italian
6702013,Jam,São Paulo,São Paulo,11,4.1,"Sushi, Japanese"
6702374,Fasano - Hotel Fasano,São Paulo,São Paulo,12,4.2,International
6712927,D.O.M.,São Paulo,São Paulo,23,4.8,"Contemporary, Brazilian"
6715789,Djapa,São Paulo,São Paulo,6,3.6,"Japanese, Sushi"
6701049,Bistrot de Paris,São Paulo,São Paulo,8,4.0,French
6715851,Fleming’s Prime Steakhouse & Wine Bar,São Paulo,São Paulo,5,3.8,Steak
6713209,Agello Cucina,São Paulo,São Paulo,2,3.4,Italian
6801374,Solita,Manchester,Manchester,138,4.9,"American, Burger, Grill"
6800878,The Alchemist,Manchester,Manchester,34,4.0,"European, Contemporary"
17855562,Tattu Restaurant and Bar,Manchester,Manchester,19,3.5,Chinese
6801293,Hard Rock Cafe,Manchester,Manchester,64,4.3,American
6801900,Evuna Bar & Restaurant,Manchester,Manchester,6,3.4,"Spanish, Tapas"
6800908,Mughli,Manchester,Manchester,84,4.6,"Indian, Curry"
18253075,Yard & Coop,Manchester,Manchester,10,3.4,"American, British"
6800678,Lahore,Manchester,Manchester,46,3.9,"Indian, Grill"
6801329,Home Sweet Home,Manchester,Manchester,80,4.3,"British, Burger, Cafe"
6801386,Cafe North,Manchester,Manchester,11,3.7,Cafe
6800759,The Grill on New York Street,Manchester,Manchester,28,3.8,"British, Mexican, Seafood"
6801039,San Carlo,Manchester,Manchester,187,4.4,Italian
6800235,The Grill On The Alley,Manchester,Manchester,171,4.6,"Steak, Seafood, Grill"
6800593,Zouk Tea Bar & Grill,Manchester,Manchester,69,3.8,"Indian, Seafood"
6801827,Umezushi,Manchester,Manchester,26,4.1,Japanese
6800782,The French by Simon Rogan - The Midland,Manchester,Manchester,69,4.5,French
6801867,Manchester House,Manchester,Manchester,45,4.2,British
6801984,Ibérica,Manchester,Manchester,17,3.9,"Spanish, Tapas"
17855602,Turtle Bay,Manchester,Manchester,8,3.5,Caribbean
6801884,Pieminister,Manchester,Manchester,14,3.7,Bakery
6901318,Adam's Restaurant,Birmingham,Birmingham,74,4.3,Continental
6900674,Purnell's,Birmingham,Birmingham,70,4.6,Contemporary
6900050,Jamie's Italian,Birmingham,Birmingham,35,4.0,Italian
6900669,Fiesta del Asado,Birmingham,Birmingham,26,4.1,"Latin American, Italian"
6900078,Jimmy Spices,Birmingham,Birmingham,53,4.1,"Indian, Middle Eastern, Chinese, American, European"
6900224,Chaophraya,Birmingham,Birmingham,19,4.0,Thai
6900883,Ju Ju's Cafe,Birmingham,Birmingham,12,3.8,"Cafe, British"
6900374,Bank,Birmingham,Birmingham,52,4.1,"British, Steak"
6901062,The Warehouse Cafe,Birmingham,Birmingham,10,3.9,"British, Cafe"
6900724,Bodega,Birmingham,Birmingham,34,4.8,Latin American
6900388,Lasan Restaurant,Birmingham,Birmingham,67,4.3,Indian
18273002,Damascena Coffee House,Birmingham,Birmingham,7,3.8,"Greek, Mediterranean, Middle Eastern"
6901051,The Plough,Birmingham,Birmingham,32,4.3,British
6900227,Wagamama,Birmingham,Birmingham,56,4.6,Japanese
6900288,Fargo's Food Factory,Birmingham,Birmingham,11,3.8,"Burger, Steak, Indian, Pizza, Desserts, Chinese"
6900160,Handmade Burger Co.,Birmingham,Birmingham,20,3.9,"Burger, American"
6900843,Chennai Dosa,Birmingham,Birmingham,40,3.8,"Indian, South Indian"
6900692,Simpsons Restaurants,Birmingham,Birmingham,58,4.5,British
6900106,Pushkar,Birmingham,Birmingham,37,4.4,Indian
6900339,Asha's,Birmingham,Birmingham,48,4.2,Indian
18749437,Belly Worship,Auckland,Auckland,444,4.3,"Asian, Chinese, Asian Fusion, Street Food"
7009344,Major Sprout,Auckland,Auckland,561,4.5,Cafe Food
7006421,PappaRich,Auckland,Auckland,801,4.2,Malaysian
7003621,Circus Circus,Auckland,Auckland,765,4.2,"Cafe Food, European"
7001859,KK Malaysian Cuisine,Auckland,Auckland,529,4.2,Malaysian
18393092,Amano Restaurant,Auckland,Auckland,598,4.9,Italian
18667488,Wu and You,Auckland,Auckland,262,4.2,"Asian, Asian Fusion"
18491782,Oak Eatery,Auckland,Auckland,225,4.7,"Desserts, Healthy Food, Cafe Food"
7003804,Fact-Tree Cafe,Auckland,Auckland,405,4.4,"Cafe Food, Coffee and Tea, Desserts, Healthy Food, Kiwi"
7000992,Eden Noodles Cafe 四川担担面,Auckland,Auckland,718,4.5,Chinese
7003663,Federal Delicatessen,Auckland,Auckland,1130,4.7,American
7006945,Fokker Bros,Auckland,Auckland,207,4.1,"American, Burger"
7003018,Paradise,Auckland,Auckland,1287,4.4,Indian
7004225,Thai Street,Auckland,Auckland,325,4.0,Thai
7003660,Miss Clawdy,Auckland,Auckland,571,4.2,"Creole, American"
7000700,Pocha 포차,Auckland,Auckland,512,4.5,"Korean, Fried Chicken"
7004412,The Shelf,Auckland,Auckland,666,4.4,"Cafe Food, Coffee and Tea, Desserts"
7001670,"Eight - Cordis, Auckland Hotel",Auckland,Auckland,755,4.7,"European, Seafood, Grill"
18672367,Chamate,Auckland,Auckland,309,4.2,"Asian, Chinese, Seafood, Yum Cha, Dumplings, Hot Pot, BBQ"
7003002,Chikos Restaurant & Cafe,Auckland,Auckland,354,4.7,"Kiwi, Asian, Pacific, Filipino, Japanese"
7100502,Fidel's,Wellington City,Wellington City,346,4.6,"European, Mexican, Cafe Food"
7100693,Sweet Mother's Kitchen,Wellington City,Wellington City,378,4.2,"Mexican, American"
7101042,The Hangar,Wellington City,Wellington City,269,4.8,Cafe Food
7100142,Origami,Wellington City,Wellington City,136,4.3,"Japanese, Sushi"
7100171,Ombra,Wellington City,Wellington City,230,4.9,Italian
7101145,Mama Brown,Wellington City,Wellington City,233,4.1,"Mexican, American, Cafe Food"
7101967,PappaRich,Wellington City,Wellington City,145,4.3,Malaysian
7100788,The Crab Shack,Wellington City,Wellington City,301,4.3,"Seafood, Kiwi"
7100538,Scopa Caffe Cucina,Wellington City,Wellington City,200,4.5,"Italian, Pizza"
7101081,Charley Noble Eatery & Bar,Wellington City,Wellington City,190,4.7,European
7100546,KC Cafe & Takeaway,Wellington City,Wellington City,153,4.2,"Chinese, Asian"
7100064,Chow,Wellington City,Wellington City,311,4.5,Asian
7101310,Loretta,Wellington City,Wellington City,158,4.5,"European, Cafe Food"
7100798,Dragons,Wellington City,Wellington City,150,4.2,Chinese
7100535,Midnight Espresso,Wellington City,Wellington City,213,4.4,Cafe Food
7101011,Ekim Burgers,Wellington City,Wellington City,247,4.4,Fast Food
7100224,Ortega Fish Shack & Bar,Wellington City,Wellington City,141,4.9,Seafood
7101483,Burger Liquor,Wellington City,Wellington City,185,4.4,American
7100178,Monsoon Poon,Wellington City,Wellington City,205,4.3,Asian
7100865,Shed 5,Wellington City,Wellington City,139,4.5,"European, Pacific"
7210754,The Golconda Bowl,Dummy,Dummy,0,0.0,"North Indian, Mughlai"
7204069,California Cantina,Dummy,Dummy,0,0.0,"Burger, Fast Food, Mexican, American, Pizza"
7200516,Bardelli's,Dummy,Dummy,0,0.0,South Indian
18133267,Baton Rouge,Dummy,Dummy,0,0.0,Steak
7204711,Dunkin Donuts,Dummy,Dummy,0,0.0,"Fast Food, Desserts"
7204029,L'Opera,Dummy,Dummy,0,0.0,Bakery
5,Yoko Sizzlers,Dummy,Dummy,0,0.0,Japanese
7200182,Kauai,Dummy,Dummy,0,0.0,Healthy Food
7204328,Mcdonalds,Dummy,Dummy,0,0.0,"Italian, North Indian"
3,Cafe Mangii,Dummy,Dummy,0,0.0,"Italian, European, Bakery"
2,PHD,Dummy,Dummy,0,0.0,"Fast Food, Biryani"
10,Hotel Sai Palace Garden,Dummy,Dummy,0,0.0,"North Indian, Chinese, South Indian"
7204068,La Pescadería de Walker,Dummy,Dummy,0,0.0,Seafood
7204327,Lane Cuisine Turc - Zorlu Alışveriş Merkezi,Dummy,Dummy,0,0.0,Turkish
7204032,4700 BC Popcorn,Dummy,Dummy,0,0.0,Desserts
7206255,Indian Zaik,Dummy,Dummy,0,0.0,"Fast Food, Indian"
7209209,Arabic Nights,Dummy,Dummy,0,0.0,"Turkish, Mediterranean"
15557859,Domino's Pizza,Dummy,Dummy,0,0.0,"Pizza, Fast Food"
15561694,Geometrico,Dummy,Dummy,0,0.0,Others
15561685,El Patio,Dummy,Dummy,0,0.0,Healthy Food
7302200,Mamma Jamma,Rio de Janeiro,Rio de Janeiro,12,4.5,Pizza
7303710,Paris 6,Rio de Janeiro,Rio de Janeiro,28,4.4,French
7302898,Aprazível,Rio de Janeiro,Rio de Janeiro,63,4.9,Brazilian
7304801,Camarada Camarão,Rio de Janeiro,Rio de Janeiro,5,4.1,"Brazilian, North Eastern, Seafood"
7301965,Pérgula - Copacabana Palace,Rio de Janeiro,Rio de Janeiro,3,4.2,International
7304307,Confeitaria Colombo,Rio de Janeiro,Rio de Janeiro,40,4.6,"Desserts, Cafe"
7300515,Garota de Ipanema,Rio de Janeiro,Rio de Janeiro,58,4.8,"Brazilian, Bar Food"
7300679,Zuka,Rio de Janeiro,Rio de Janeiro,21,4.5,"Italian, Contemporary"
7302026,La Trattoria,Rio de Janeiro,Rio de Janeiro,11,4.5,Italian
7300381,Churrascaria Palace,Rio de Janeiro,Rio de Janeiro,20,4.9,Steak
7301497,Marius Degustare,Rio de Janeiro,Rio de Janeiro,16,4.7,"Seafood, International, Grill"
7301112,Giuseppe Grill Mar,Rio de Janeiro,Rio de Janeiro,11,4.5,"Brazilian, Grill, Seafood"
7300483,Zazá Bistrô Tropical,Rio de Janeiro,Rio de Janeiro,26,4.7,Brazilian
7300650,Quadrucci,Rio de Janeiro,Rio de Janeiro,11,4.5,"Italian, Contemporary"
7301102,Oro,Rio de Janeiro,Rio de Janeiro,3,4.3,Brazilian
7302987,Téreze - Hotel Santa Teresa,Rio de Janeiro,Rio de Janeiro,7,4.3,International
7303219,Pesqueiro Eco Gourmet,Rio de Janeiro,Rio de Janeiro,5,4.2,"Seafood, Bar Food, Brazilian"
7301082,Olympe,Rio de Janeiro,Rio de Janeiro,3,4.2,French
7302549,Café do Alto,Rio de Janeiro,Rio de Janeiro,5,4.3,"Brazilian, Cafe"
7304351,CT Boucherie,Rio de Janeiro,Rio de Janeiro,14,4.5,"French, Steak"
18615392,WAKI Japanese BBQ Dining,Jakarta,Jakarta,1242,4.9,"Japanese, Grill, BBQ, Korean, Asian"
18657719,Gyu - Kaku Japanese BBQ,Jakarta,Jakarta,1013,4.8,"Japanese, BBQ"
18744154,Sushi Hiro,Jakarta,Jakarta,1492,4.9,"Sushi, Japanese"
18567253,Sushi Hiro,Jakarta,Jakarta,4416,4.9,"Sushi, Japanese"
18885812,Sushi Go!,Jakarta,Jakarta,1308,4.9,"Japanese, Sushi"
18511433,Sushi Go!,Jakarta,Jakarta,1864,4.7,"Japanese, Sushi"
18710176,The Garden,Jakarta,Jakarta,1025,4.6,"Western, Asian"
18554965,Magal Mapogalmegi BBQ,Jakarta,Jakarta,1219,4.9,"BBQ, Korean, Grill"
18597282,Sushi Go!,Jakarta,Jakarta,2704,4.8,"Sushi, Japanese"
18589077,Sushi Hiro,Jakarta,Jakarta,1957,4.8,"Sushi, Japanese"
18981544,Katsu YA,Jakarta,Jakarta,294,4.2,Japanese
18680113,The Cutt Grill House,Jakarta,Jakarta,675,4.8,"Grill, Western"
18464311,Sushi Hiro,Jakarta,Jakarta,2373,4.9,"Sushi, Japanese"
18806670,Sushi Go!,Jakarta,Jakarta,730,4.7,Sushi
18793437,Gyu - Kaku Japanese BBQ,Jakarta,Jakarta,1014,4.9,"Japanese, BBQ"
18560991,Lawless Burgerbar,Jakarta,Jakarta,979,4.7,"Burger, Western"
18745318,Alfred,Jakarta,Jakarta,423,4.4,"Western, Indonesian"
18266425,Gyu - Kaku Japanese BBQ,Jakarta,Jakarta,1351,4.9,"Japanese, BBQ"
18880385,Gyu - Kaku Japanese BBQ,Jakarta,Jakarta,682,4.9,"Japanese, BBQ"
7421967,3 Wise Monkeys,Jakarta,Jakarta,1652,4.5,"Japanese, Sushi"
75970,afro-boer,Pretoria,Pretoria,128,4.2,"Cafe, Bakery, Street Food, Patisserie, South African, Healthy Food, Desserts"
75609,Capital Craft Beer Academy,Pretoria,Pretoria,402,4.5,"Street Food, Burger, American, Finger Food, German"
75027,Kream,Pretoria,Pretoria,530,4.8,African
18289339,Culture Club - Bar De Tapas,Pretoria,Pretoria,260,4.7,"Cafe, Tapas, South African, Beverages, Healthy Food, Desserts, Spanish"
75380,The Black Bamboo,Pretoria,Pretoria,178,4.7,"Continental, Contemporary, Desserts"
75858,Crawdaddy's,Pretoria,Pretoria,225,4.4,"Continental, Seafood, Burger, South African, Finger Food, Grill"
75376,Tribeca Standard,Pretoria,Pretoria,231,3.9,"Cafe, Burger, Pizza"
18408129,Industrial Coffee Works,Pretoria,Pretoria,110,4.1,"Cafe, Street Food, Burger, Ethiopian, South African, Juices"
75026,Baobab Cafe & Grill,Pretoria,Pretoria,304,4.2,"Cafe, Grill"
75485,Doppio Zero,Pretoria,Pretoria,170,3.9,"Italian, Cafe, Bakery"
18199742,El Pistolero,Pretoria,Pretoria,182,4.4,Mexican
18445965,Guy Fieri's Kitchen & Bar,Pretoria,Pretoria,183,2.2,"American, Italian, Continental"
75121,Moo Moo,Pretoria,Pretoria,331,4.2,"Steak, Continental"
75104,Parrot's,Pretoria,Pretoria,183,3.7,"Contemporary, Sushi, Grill, Italian, Steak"
18376958,Mustang Sally's Pub & Diner,Pretoria,Pretoria,122,3.8,"Healthy Food, Burger, American, Desserts, Grill"
18136493,Hogshead,Pretoria,Pretoria,297,4.2,"Grill, Burger"
18445936,Something's Cooking by J,Pretoria,Pretoria,145,3.6,"South African, Portuguese, Burger, Pizza"
18199767,Carbon Bistro,Pretoria,Pretoria,167,4.5,"Seafood, Burger, Steak"
18376953,tashas,Pretoria,Pretoria,109,4.2,"Cafe, Healthy Food"
75620,Whisk Wine Bar,Pretoria,Pretoria,135,4.1,"European, Tapas"
7601024,Ting Thai Caravan,Edinburgh,Edinburgh,110,4.6,"Thai, Asian"
7600188,Mother India's Cafe,Edinburgh,Edinburgh,137,4.5,Indian
7601102,Chaophraya,Edinburgh,Edinburgh,57,4.4,Thai
7600471,The Elephant House,Edinburgh,Edinburgh,90,4.1,Cafe
18408677,Dishoom Edinburgh,Edinburgh,Edinburgh,64,4.5,"Cafe, Indian"
7600929,David Bann,Edinburgh,Edinburgh,76,4.5,"Asian, Italian, Mediterranean, European"
7602204,El Cartel,Edinburgh,Edinburgh,34,4.1,Mexican
7600432,The Royal McGregor,Edinburgh,Edinburgh,17,3.5,Scottish
7600217,La Favorita,Edinburgh,Edinburgh,110,4.6,Italian
7600062,Hard Rock Cafe,Edinburgh,Edinburgh,89,4.3,American
7600307,Angels With Bagpipes,Edinburgh,Edinburgh,44,4.0,Scottish
7600448,Cafe Andaluz,Edinburgh,Edinburgh,95,4.4,"Spanish, Tapas"
7600902,Mimi's Bakehouse,Edinburgh,Edinburgh,76,4.6,"Cafe, Bakery, Desserts"
7600792,Wedgwood,Edinburgh,Edinburgh,65,4.2,"Scottish, British"
7601241,The Kitchin,Edinburgh,Edinburgh,143,4.5,"British, French"
7600083,Castle Terrace,Edinburgh,Edinburgh,57,4.4,"British, Scottish, French"
7600381,Fishers In The City,Edinburgh,Edinburgh,73,4.3,"Seafood, British"
7601177,Tuk Tuk Indian Street Food,Edinburgh,Edinburgh,75,4.1,"Indian, Street Food"
7600914,The Witchery & The Secret Garden,Edinburgh,Edinburgh,112,4.2,"British, Scottish, Seafood"
7600636,Number One - Balmoral Hotel,Edinburgh,Edinburgh,35,4.0,European
7700615,Wagamama,Glasgow,Glasgow,136,4.3,Japanese
7700043,Nanakusa,Glasgow,Glasgow,71,4.2,"Japanese, Grill"
7700258,Chaophraya,Glasgow,Glasgow,51,3.6,Thai
7700025,The Butterfly & The Pig,Glasgow,Glasgow,53,3.9,British
7701552,Elia,Glasgow,Glasgow,77,4.4,Greek
7700329,The Dhabba,Glasgow,Glasgow,80,3.8,Indian
7700780,The Two Figs,Glasgow,Glasgow,42,3.9,"British, Scottish"
7700672,The Battlefield Restaurant,Glasgow,Glasgow,104,4.4,"Italian, Scottish, Continental"
7700796,Celino's,Glasgow,Glasgow,79,4.9,"Italian, Deli"
7700470,Rishi's,Glasgow,Glasgow,41,3.8,Indian
7701386,La Tasca,Glasgow,Glasgow,64,4.1,Spanish
7700440,The Italian Caffe,Glasgow,Glasgow,46,4.0,Italian
7700495,The Butchershop Bar & Grill,Glasgow,Glasgow,67,4.1,"Grill, Steak, Scottish, British"
7700694,Ubiquitous Chip,Glasgow,Glasgow,113,4.1,"Scottish, British"
7700834,Stravaigin,Glasgow,Glasgow,104,4.3,Scottish
7700300,Jamie's Italian,Glasgow,Glasgow,168,2.9,Italian
7701457,Mother India Cafe,Glasgow,Glasgow,126,4.8,Indian
7700065,Ichiban,Glasgow,Glasgow,133,4.6,Japanese
7700026,Dakhin,Glasgow,Glasgow,43,3.9,"Indian, South Indian"
7700850,Hillhead Bookclub,Glasgow,Glasgow,71,3.6,"British, Scottish"
7800282,Circus Circus Cafe,Durban,Durban,141,4.2,"Mediterranean, Continental"
7800523,Roma Revolving Restaurant,Durban,Durban,144,3.9,"Italian, Seafood, Steak"
7800372,Vovo Telo,Durban,Durban,162,4.1,"Cafe, Bakery, Desserts"
18362280,The Chefs' Table,Durban,Durban,106,4.7,International
7800495,The Ocean Terrace - The Oyster Box Hotel,Durban,Durban,194,4.6,"Indian, Durban, Continental"
7800663,The Galley Beach Bar & Grill,Durban,Durban,120,3.2,"Grill, Seafood"
7800284,Beluga,Durban,Durban,241,3.8,"Seafood, Asian"
7800310,Daruma - Elangeni & Maharani,Durban,Durban,100,4.3,"Japanese, Sushi"
7800531,Freedom Cafe,Durban,Durban,119,4.1,"Deli, South African"
7800959,The Waffle House,Durban,Durban,195,4.8,"Desserts, Finger Food"
7800905,Bel Punto,Durban,Durban,177,4.9,Seafood
18216520,Fourteen on Chartwell,Durban,Durban,166,4.5,Continental
7800437,Market,Durban,Durban,156,4.4,Cafe
7800380,Little Havana,Durban,Durban,130,4.2,Continental
7800541,Jack Salmon,Durban,Durban,91,4.3,Seafood
7800551,Mali's Indian Restaurant,Durban,Durban,122,4.6,Indian
7800516,Ile Maurice,Durban,Durban,113,4.3,French
7800157,tashas,Durban,Durban,174,4.3,Cafe
7800462,9th Avenue Bistro,Durban,Durban,93,4.5,French
18473006,Casa Bella,Durban,Durban,59,3.8,"Italian, Pizza"
7900198,Sichuan Style Restaurant,Hamilton,Hamilton,72,4.3,Chinese
7900069,Babaganush,Hamilton,Hamilton,76,4.0,Turkish
7900141,Daikoku Restaurant,Hamilton,Hamilton,50,3.6,"Japanese, Teppanyaki"
7900355,The Sugar Bowl Cafe,Hamilton,Hamilton,80,4.1,Cafe Food
7900646,The Chilli House,Hamilton,Hamilton,28,4.0,"Chinese, Dumplings, Hot Pot, Sichuan, Vegan, Vegetarian"
7900250,Gothenburg,Hamilton,Hamilton,100,4.6,European
7900322,The Helm,Hamilton,Hamilton,64,2.5,European
7900419,Two Birds Eatery,Hamilton,Hamilton,65,3.8,Cafe Food
7900218,Foundation Bar Kitchen & Lounge,Hamilton,Hamilton,95,4.3,Steak
18319871,Zealong Tea Estate,Hamilton,Hamilton,24,4.4,Cafe Food
7903141,Jacks Coffee Lounge,Hamilton,Hamilton,53,4.1,Cafe Food
7900287,The River Kitchen,Hamilton,Hamilton,62,4.2,"Cafe Food, Coffee and Tea"
7900349,Good George Brewing,Hamilton,Hamilton,51,4.1,"Kiwi, European, Finger Food"
7900238,Scotts Epicurean,Hamilton,Hamilton,117,4.4,Cafe Food
7900011,Sultan's Kitchen,Hamilton,Hamilton,33,4.0,"Turkish, Mediterranean, Moroccan"
7900186,Mexico,Hamilton,Hamilton,100,4.2,Mexican
7900182,Thai House Express,Hamilton,Hamilton,51,4.0,Thai
7900023,Indian Star,Hamilton,Hamilton,63,3.8,"North Indian, Indian"
7900490,Zealong Tea Estate,Hamilton,Hamilton,55,4.7,"European, Asian, Desserts"
7900115,The Flying Burrito Brothers,Hamilton,Hamilton,58,3.9,Mexican
